ID	Description	setSize	enrichmentScore	NES	pvalue	p.adjust	core_enrichment
KRAS.KIDNEY_UP.V1_UP	KRAS.KIDNEY_UP.V1_UP	113	-0.7341499269873316	-2.807969763709221	6.905067921527466e-23	1.2912477013256362e-20	5354/361/1114/443/1113/51440/3815/23302/9899/477/9892/6326/793/6529/760/114088/2823/4674/5334/287/5101/10529/6616/216/26289/6252/6857/2628/1428/11069/2898/2571/2104/140597/10231/6422/107/2891/1780/23136/23321/5649/8404/3800/8851/1363/5178/288/26052/3741/22998/81617/10580/2254/5175/51299/6324/26059/25840/1410/10687/22849/6304
RB_P107_DN.V1_UP	RB_P107_DN.V1_UP	124	0.5509671725677658	2.2834701053103394	6.445784538005927e-10	6.026808543035542e-8	898/55723/23397/1869/51512/8318/6241/24137/79733/256126/116372/1277/4085/23594/64105/4171/6623/1278/9055/84296/5427/64946/899/9134/140700/2175/5983/124222/1000/4016/3959/5558/1763/29107/5111/11270/10549/4240/4175/4174/1017/5982/1289/11169/3925/60681/6941/5371/2237/3619/121268
CSR_LATE_UP.V1_UP	CSR_LATE_UP.V1_UP	150	0.5185473969650692	2.172739014304471	1.5591939460216104e-9	9.718975596868039e-8	11065/4605/332/81610/2305/83540/55872/9319/55143/6241/983/63967/1580/2146/990/29128/7076/11130/26586/2175/11200/54443/3875/1000/79077/6723/55646/8089/4150/84798/1841/86/6941/2237/3608/5036/91057/2280/5424/54107/835/84955/56852/6372/55055/5557/1984/2193/6921/8317/9123/10953/4053/64785/3835/7372/84823/25844/1020/84266/5708/4828/84154/51155/10056/1503/10606/7283/51726/10589/4172/92856/10419/6627/195828/10213/2997/51728/79031
SNF5_DN.V1_UP	SNF5_DN.V1_UP	161	0.48933783013503807	2.077225964563361	9.203944182272371e-9	4.302843905212333e-7	11065/3627/10112/8817/55355/699/9212/51450/25975/362/51514/714/4232/445/8549/7852/6688/5698/9450/2209/26586/968/57650/3689/1043/389792/6348/5341/1104/8638/719/3936/3959/6510/962/57819/2870/10964/122618/2633/54892/84798/5531/4174/86/7454/6657/1524/5714/199/1436/112464/2971/124944/348/5696/135228/10859/6892/928/26270/3106/4323/55055/2533/2224/30968/6423/6891/11277
RPS14_DN.V1_DN	RPS14_DN.V1_DN	168	0.47834259066567336	2.054824537005974	2.8509290714362736e-8	1.0662474727171664e-6	4605/10874/991/10112/55635/9787/9133/55388/55872/23397/11004/586/9319/9700/9156/4288/5347/54821/79733/56992/9493/4998/9824/1894/990/1062/7083/9055/83461/29028/29968/51659/875/5831/79644/200315/23650/11013/6723/79723/26271/6234/2013/4174/23212/51337/705/79711/3619
KRAS.600_UP.V1_UP	KRAS.600_UP.V1_UP	205	-0.46356846499487186	-1.9229522448384961	7.893119469080157e-8	2.4600222345299823e-6	1114/64577/2670/1113/9173/3815/477/9892/83478/6326/793/57733/4674/5101/5138/3798/6616/347/5950/6252/6857/6585/5602/27324/3769/28231/10083/10231/6926/7035/1501/1780/4916/51286/23321/3673/5649/3800/8851/5178/288/7368/26052/3741/22998/3777/2254/8605/2324/55859/6324/26059/2791/2828/9196/6935/50486/58528/23268/1594/10687/2745/11155/6304/6781/64800/117/3706/5743/1839/23462/54769/25758/2115/23143/161176/1902/23233/3290/55466/89795/11320/634/202018/2/5328/6447/8382/3764/7850/9953/7099/1056
PRC2_EZH2_UP.V1_DN	PRC2_EZH2_UP.V1_DN	164	0.4633118748983339	1.9844289936570099	2.8588757856906255e-7	7.637282456059242e-6	4605/55635/7272/55355/699/9212/9787/5368/55388/23397/3161/1063/5644/8318/81620/24137/11339/4778/6362/8438/56992/79075/10460/4001/2146/4171/1894/55057/23213/80739/56033/993/5984/78998/2619/84722/6502/5730/3625/1763/55320/3887/5959/11151/7058/65999/83463/2769/3787/9735/54517/64763
P53_DN.V1_DN	P53_DN.V1_DN	171	-0.4681237971954547	-1.8993138246425283	7.124178107505404e-7	1.665276632629388e-5	486/1113/9920/760/6285/216/771/5136/26999/3306/9172/825/9122/107/3081/23136/201229/3164/231/8013/5783/4286/24/2744/25900/9514/8745/6775/57509/11343/54504/4644/1410/7832/8869/9915/4118/1130/5797/10560/1687/1026/8092/57476/7056/7425/2674/590/35/8522/5142/7102/2593/4811/9765/3897/89795/23189/2040/3234/5332/3764/6489/3490/4692/7436/10516/6696/9770/84071/6446/54898/4897/1593/81550/9639/23111/259217
KRAS.300_UP.V1_UP	KRAS.300_UP.V1_UP	111	-0.5233939844571495	-1.9891275052478727	1.0959837362219676e-6	2.277210651927866e-5	1114/1113/9173/477/9892/83478/6326/793/57733/4674/5138/3798/6616/347/5950/6252/6857/5602/27324/10083/10231/7035/1780/3673/5649/3800/8851/5178/288/26052/2254/55859/6324/26059/2828/50486/58528/2745/6781/64800/23462/25758/2115/23143/3290/55466/89795/634/202018/2/6447/8382
CAHOY_NEURONAL	CAHOY_NEURONAL	65	-0.5980920507559366	-2.090088317295062	1.5073205494491888e-6	2.818689427469983e-5	388662/7857/9899/816/793/84502/6857/2563/10268/4745/64388/3208/56978/2045/1780/60677/23314/83698/9856/80333/4621/64919/63908/54847/29953/2254/10633/6861/64130/3706/2039/57586/57699/3295/6812/2026/9615/4208/2170/4905/6804
HOXA9_DN.V1_DN	HOXA9_DN.V1_DN	184	0.4194766926209471	1.8225348004928026	2.952584239458897e-6	5.019393207080125e-5	55165/55388/586/8318/81620/79733/55544/9582/1396/3485/4998/9824/990/10733/2213/10535/9837/84296/29028/875/55215/4211/4277/675/56915/9918/22809/55765/239/8530/2212/6510/5558/4852/399664/29923/10204/11314/57761/55732/10849/7545/5163/90480/6713/4853/5996/10953/1717/64785/6875/3070/4833/79718/10276/55374/55076/2189/3008/4221/54345/6747/8812/6518/7936/9103/27161/11161
E2F1_UP.V1_UP	E2F1_UP.V1_UP	178	0.4057246007884649	1.7540929041156192	1.18261886499005e-5	1.701151751947226e-4	699/9212/9787/151648/55388/23397/3833/7153/29089/79733/7379/4001/2146/7298/6491/10733/7083/9055/1535/675/10926/29802/30850/1111/79077/3149/4173/58516/5558/1763/1871/23401/100/23649/10076/11169/2237/7371/80728/10528/8208/3692/790/388962/2627
GCNP_SHH_UP_LATE.V1_UP	GCNP_SHH_UP_LATE.V1_UP	171	0.41863043438304826	1.8004090920139448	1.1763641446911375e-5	1.701151751947226e-4	995/9212/3481/9787/151648/55388/11004/9319/3833/1164/7153/6790/51203/6241/79733/983/1580/7083/9055/993/10051/51804/941/1111/10212/441376/4173/58516/83879/4175/4174/55320/23649/4582/4116/3619/5819/4017/7005/10528/10637/1678/55233/51154/10471/923/5272/10713
IL21_UP.V1_DN	IL21_UP.V1_DN	126	-0.45685797077992985	-1.770306962553726	2.9997391835874644e-5	4.0067944809346845e-4	7038/1114/5629/5101/10858/5137/25849/92558/51301/10268/728577/3673/57731/25802/64129/135138/26220/43/8448/56171/84830/3791/8120/55805/8777/283927/91355/5592/80737/7078/2719/2059/81571/54769/6332/7102/9890/4223/23143/29948/23541/23148/6567/5332/3749/4638/1056/26503/1577
LEF1_UP.V1_DN	LEF1_UP.V1_DN	176	-0.4161056379503357	-1.6865451985851885	3.716926851361457e-5	4.6337688080306166e-4	11223/6456/6928/3815/7103/481/5950/10551/2888/2947/80303/624/10595/10396/25956/6505/56603/6819/3784/5783/25837/55540/1363/79762/288/22998/56898/6775/3399/54463/1803/3397/8644/90865/85458/51316/10924/5874/10103/9060/7552/1612/1512/51149/847/3169/23312/202/6447/51626/4300/29969/25924/7168/4208/1545
TGFB_UP.V1_UP	TGFB_UP.V1_UP	170	-0.4251679593316772	-1.7213905780069472	9.641631945659884e-5	0.0011268657336489989	9173/3373/9388/53616/2246/8786/1644/6926/23205/5209/29970/56603/79633/5569/4616/10395/58494/84951/3694/2324/6578/3399/1591/286/467/4606/1410/22936/6038/6781/3589/25841/9693/9314/9853/1307/2114/9590/388/9057/65981/25786/6236/5412/54520/23541/23189/5521/79905/8553/51339/23187/5154/4216/2150/400961/1160/7473/9267/6446/3667/6525/6002/5376/221037/94134/59338/2295/3725/23174/7942/23102/9469/54361
IL2_UP.V1_DN	IL2_UP.V1_DN	146	-0.43483162373936457	-1.7276683653356522	1.3963128418358043e-4	0.0015359441260193846	7038/1114/10690/6328/4674/7010/9671/5334/10858/5137/5063/6857/92558/79940/9940/6096/395/54996/29970/5997/9751/80177/8842/79935/8605/60494/26059/947/25840/9863/55805/7140/9915/25780/5592/80031/79841/10628/3202/151050/9884/51285/9914/57172/7102/27244/3357/23541/1962/23148
RAF_UP.V1_DN	RAF_UP.V1_DN	179	-0.3971972813619472	-1.6157905260486294	2.6628782162684906e-4	0.0027664345913455987	5174/10551/771/4886/4254/7035/54843/4256/6505/23314/5241/18/54332/57613/10395/22836/5507/7033/1363/596/89927/54847/23327/6383/57758/23329/3397/2690/863/22843/10125/8777/10810/9915/25805/1960/3488/10560/22876/26353/2674/1831/1955/56521/202/4092/3487/125058/51454/8821/2353/5332/3717/57535/323/4638/23236/10265/10451/54566/12/116039/4430/3398/79068/54898/3667/5376/221037/5046
VEGF_A_UP.V1_DN	VEGF_A_UP.V1_DN	187	0.36466163995005657	1.5840410661690698	6.941454354407156e-4	0.006831852443548096	5055/1058/332/898/7272/699/9787/9133/1033/9156/1164/3161/10403/8318/6241/701/891/3832/9493/4085/4001/4232/10733/1062/10051/5984/10926/26872
ERBB2_UP.V1_UP	ERBB2_UP.V1_UP	183	-0.3789979705357797	-1.5493362134251016	8.708267884805149e-4	0.008142230472292815	50617/57016/1646/9764/360/4128/25849/6286/3306/55790/9518/55450/93664/2330/5507/79762/43/22998/3694/8659/81537/8611/22924/5144/2034/230/4680/58528/9915/27344/22891/2982/10103/9060/5265/4982/8564/23462/6712/8714/5142/56475/79789/94009/1601/7433/51097/2258/2593/11320/57037/56904/2026/4488/8760/23530/2264
SNF5_DN.V1_DN	SNF5_DN.V1_DN	132	-0.4082097886881749	-1.5933827234545537	0.001066219533623443	0.00949443108512304	5174/79589/1734/785/5069/51761/5950/55790/1674/10231/54843/6493/56892/1800/7881/161725/25802/64129/24/8490/26577/2167/4621/288/3219/9420/64641/2324/10335/1272/7503/1400/3563/2202/6622/3589/117166/64332/64283/3202/6196/6236/4883/2258/55466/5317/2027/30/6004/4638/56413/2878/28959/10411/6770/83692
AKT_UP.V1_DN	AKT_UP.V1_DN	168	-0.3877330026230848	-1.5674067827454257	0.0012559897276190422	0.010675912684761858	1014/3158/1308/284612/3866/5345/1805/9630/80206/4023/286133/137872/1124/8842/5507/57452/25900/3777/23328/1101/3399/27254/6943/2690/2327/8613/6935/2202/11201/6304/9572/7078/5156/6450/2100/5142/10365/23584/51097/64968/4811/8434/26499/3090/23270/5317/4684/92565/23410/85463/164091/2941/5252/4969/91252/10267/6097/4147/80760
RB_P130_DN.V1_UP	RB_P130_DN.V1_UP	117	0.40368562215450227	1.6553055070646598	0.001392464720286188	0.011321343595370311	8091/11065/332/10112/9212/9133/54478/6790/362/983/4998/112616/10468/29127/7083/1535/3012/27092/6628/55118/238/26257/221527/79077/25973/54437/25804/8372/5438
LTE2_UP.V1_UP	LTE2_UP.V1_UP	184	-0.36972086338743093	-1.510072806634558	0.0015709422453202362	0.011961534525960778	50617/3158/4155/360/5101/4128/9630/26999/55790/1827/23303/79152/5507/9429/79762/316/23328/8659/72/81537/10497/51635/4857/2034/10090/4644/4680/58528/4217/5265/3488/4982/5325/65055/8564/55556/11163/51280/9590/8714/5283/79789/94009/1601/5583/9728/8541/11320/57037/51228/9867/5332/2264/5151/1545/1808/2878/9252/51141/9936/55286/5873/65124/10455/309/23074/8309/5121/55332/253190
PTEN_DN.V2_UP	PTEN_DN.V2_UP	113	-0.42361962173909334	-1.6202563610386869	0.0015991356318129381	0.011961534525960778	4826/57016/27129/2823/9388/3866/9630/6252/27147/10595/10003/5016/22824/6695/387751/220/84981/8644/27289/8613/50486/54832/56895/91851/3981/6304/26353/6450/5743/8793/421/7402/23034/6517/25786/6484/29948/1902/89795/5328/8854
PRC2_EZH2_UP.V1_UP	PRC2_EZH2_UP.V1_UP	169	-0.37929612618929553	-1.5355311298675332	0.0017150994648580827	0.012335523074171595	3766/9173/23743/6563/9764/54852/5101/5787/1288/650/4306/54039/79669/22885/3423/79739/7275/3673/29881/25891/5569/7447/54893/9625/40/79772/220/8497/4857/7762/90865/54677/10924/2583/85352/10560/9314/26040/1012/26575/4929/1839/1756/51285/5744/2824/80323/10391/7102/2115/81602/1955/53826/56521/1850/29948/10763/4124/1845/3897/1287/8854/6322/6004/79905
SRC_UP.V1_DN	SRC_UP.V1_DN	143	0.37270184986517	1.570413805513991	0.0020164646443692528	0.01396588475915001	5055/4319/260429/57526/51352/79733/2537/6280/2146/29128/10733/29127/2676/9837/29028/9955/64946/284338/5318/7262/8128/4173/79723/7111/1295/83879/4174/9262/86/100
ATM_DN.V1_UP	ATM_DN.V1_UP	99	-0.42469256463937155	-1.5831132815420406	0.0024816454312575824	0.01657384627304171	1114/6529/10351/6620/1394/65009/6819/29881/9495/2321/948/27019/1591/623/7762/6524/7140/7185/2185/27239/590/3761/2826/6853/8736/1193/1359/4804/5864/3487/8291/2027/1185/1842/10873/104/7439/10272/29104/5260/6002
DCA_UP.V1_DN	DCA_UP.V1_DN	154	-0.37240911792771136	-1.489232282708779	0.002844652458187359	0.017427379412327238	7038/1014/116986/8941/26287/26034/6620/23461/81578/23114/3164/51310/140803/57205/5310/79772/2254/8605/10633/83937/4660/6376/91355/11136/64130/8558/26040/84851/474170/1831/339044/55565/9013/219654/6470/5317
E2F3_UP.V1_UP	E2F3_UP.V1_UP	174	-0.36607786356007777	-1.4812803381630621	0.0028890308116692213	0.017427379412327238	4884/51655/1917/23336/134548/3306/134111/400954/2571/29767/23136/163933/26033/11076/51209/25837/55540/26577/158399/81575/2261/11001/8851/85358/146330/9429/7368/3205/10098/2254/55964/84915/1959/10125/58528/26108/4005/3040/23576/64130/65055/6450/253650/7025/79683/387763/23462/7089/5727/6853/84553
RELA_DN.V1_UP	RELA_DN.V1_UP	121	-0.4081409931157246	-1.5767572112632473	0.002838214137732014	0.017427379412327238	3773/9162/9457/2247/51761/8941/2571/23769/56603/4616/8654/54329/1672/4857/467/2152/2110/3371/56895/1960/2796/5592/8564/7056/1195/5743/11093/1958/8522/27165/7539/1850/8291/10750/24146/6447/2353/3749/2354
NOTCH_DN.V1_UP	NOTCH_DN.V1_UP	145	-0.38145376518664975	-1.514281096105067	0.0029913290384014747	0.017480579068158617	2902/51440/4884/9162/793/1805/10178/1428/8436/25789/9754/10396/273/23303/56660/22927/5997/11076/8814/482/79935/1137/2791/8844/10125/9903/7832/22849/5592/79740/1026/25841/5624/6712/79789/6236/23335/2258/1360/79891/5896
BCAT_GDS748_UP	BCAT_GDS748_UP	43	-0.5208845036685965	-1.6890368902530684	0.0031275838691182663	0.017605315791774215	5243/4884/760/360/2571/79669/1780/2324/10912/3087/5144/25805/4005/23576
CRX_NRL_DN.V1_DN	CRX_NRL_DN.V1_DN	107	-0.40794468418907	-1.5412365897239997	0.003200966507595312	0.017605315791774215	148808/816/5950/2898/116362/3164/59277/5783/3800/10814/340348/154/131544/56967/83700/5924/10924/3371/25805/5874/1687/9957/79993/28316/10060/54836/1958/93649
PTEN_DN.V1_DN	PTEN_DN.V1_DN	128	-0.3983032379237814	-1.5450153643669513	0.003337323069493857	0.017830840399867178	50506/3766/5629/9173/51440/6563/9899/2823/8825/10178/23281/10439/4306/6926/1036/23460/4703/9934/10814/1775/7368/89927/8547/51299/2791/23498/2583/3861/10317/79623/9957/117/3761/80323/7102/56548/7039/5446/79816/51673/8821/4488/23251/7691/63934
CSR_LATE_UP.V1_DN	CSR_LATE_UP.V1_DN	143	-0.38563285637415157	-1.5229777929436943	0.003581248517501555	0.018107518437356303	3815/84251/7123/112476/26960/8436/27147/10231/348487/59277/56849/23460/25891/147463/4311/79762/8654/1803/3087/256691/7148/94/7832/79987/79956/5228/2674/1831/116535/84680/134429/4199/134147/3897/6322/57722/51626/2157/4302/6439/4047/9770/136/64221/23175/6648/55332/4597/23500
JAK2_DN.V1_UP	JAK2_DN.V1_UP	107	-0.4051551906890612	-1.530697735767471	0.0036796026771098366	0.018107518437356303	1188/138046/785/5950/2104/4254/1288/650/6620/53905/8999/3899/26033/51310/6366/29881/80333/22866/4753/58494/64284/54847/2042/2914/9283/9472/1003/6935/10846
MTOR_UP.V1_UP	MTOR_UP.V1_UP	139	0.3628713785727034	1.519986001035427	0.0036186006669906116	0.018107518437356303	11065/991/55247/56169/6241/983/684/29128/4939/283248/3012/29968/11274/6513/10926/10437/26872/147/56649/1030/6614/1592/1718/6352/5111/637/7037/4175/4174/3336/3925/6941/9982/11230/5163/5836/6713/57402/51477/26167/3162/27346/56342/2224/1717
VEGF_A_UP.V1_UP	VEGF_A_UP.V1_UP	162	-0.37177693275443363	-1.4951422082959325	0.003845971511264523	0.018440940323242713	57016/1740/27124/3291/9478/256949/2898/25759/9413/5737/2330/135/23237/387590/5168/201229/7275/25802/24/9495/5310/9452/8605/8497/467/353500/2735/9788/3779/6469/1302/3931/3700/7185/9957/10628/10391/1850/7093/755/219654/22898/2026/9701/51754/2027/1185/8742/5017/23293/284001/5795/50859/8292/10873/57658/104/12/4147/23247/2329/9037/3398/4739/7461/23264/10014/22822/2109/10903
CAHOY_ASTROCYTIC	CAHOY_ASTROCYTIC	88	-0.42779430792050327	-1.5683802496460078	0.004264122340897066	0.018985497089232178	6506/3773/284612/1734/2905/84239/5063/6096/163175/183/150209/2261/54329/9420/27019/476/284723/127294/56895/91851/9060/23127/9843/117/351/57185/5465/3613
CAMP_UP.V1_DN	CAMP_UP.V1_DN	194	-0.3597043747673831	-1.4797281607951005	0.004255949163720777	0.018985497089232178	9920/57030/4674/5063/26289/221981/134111/667/27445/10396/56978/65009/10129/23136/3423/2669/5789/57578/2744/5569/10000/26220/4133/10098/26059/83660/8927/80022/5358/7220/65018/79987/57515/3488/23576/1195/51062/2114/9590/23551/817/6236/253959/4199/8303/6812/2026/6447/2354/66036/347733/23187/23365
JAK2_DN.V1_DN	JAK2_DN.V1_DN	125	-0.3934436664367264	-1.523883088107359	0.004144421170238285	0.018985497089232178	64577/25956/440270/10003/3204/23015/283755/374977/2550/275/56605/284040/57835/80022/51710/283131/8777/6638/7638/22909/84851/9884/474170/25957/349152/80005/79854/65981/201163/7091/653238/472/6447/9988/30837/1842/80055/23181/81615/11112/8526/23731/90338/23499/10903/55275
CAHOY_OLIGODENDROCUTIC	CAHOY_OLIGODENDROCUTIC	89	-0.413988142574819	-1.5187257108712522	0.005576141114288656	0.02424972996213904	8537/10178/1428/389840/9026/5365/374378/79152/119385/25900/7368/9514/83450/10186/27254/223117/26047/2203/2055/27122/63951/128853/2840/171425/92822
MEL18_DN.V1_DN	MEL18_DN.V1_DN	133	-0.3872236982068075	-1.5122286062357886	0.005852243837008974	0.02487203630728814	3773/10891/1917/760/1734/360/5950/8835/80303/2788/140597/1644/9547/9122/27115/27087/23136/57447/5997/23321/1124/8842/79870/4129/5178/40/29760/8654/2042/64641/55022/5350/9077/10562/10103/7373/4329/5274/1756/1958/8522/5142/27165
IL15_UP.V1_DN	IL15_UP.V1_DN	133	-0.3855858112758966	-1.5058321499182301	0.006378616313660094	0.0265066944589875	7038/50617/6328/5334/88/6857/92558/6403/728577/30819/10396/54996/2669/3784/8842/140803/1795/9495/64641/1272/56967/26059/10894/55805/5592/80737/6638/80031/10628/2059/9884/1831/51285/27244/3357/23541/8792/57644/10043
PTEN_DN.V1_UP	PTEN_DN.V1_UP	133	-0.3837418902315626	-1.498631066503669	0.006729723215125977	0.027357787852794732	5174/9194/6529/1917/51168/358/2246/256949/5071/25759/8999/54996/27087/23114/4675/5997/6695/5241/8470/8218/9514/79935/1672/10912/54504/83700/90865/398/727/7140/4118/29965/5915/4217/2775/10628/7025/51285/9890/23143/3224/29948/79812/79611/7049/9953/6549/5795/5577/347733/2662/3358
GCNP_SHH_UP_EARLY.V1_UP	GCNP_SHH_UP_EARLY.V1_UP	157	0.34142687091594276	1.4432671783004065	0.008805191539882252	0.03448537721989699	9212/151648/55388/3833/1164/7153/6790/29089/24137/79733/116832/7298/9055/10293/54443/1111/1604/1871/1435/4175/4174/23649/80381/2237/85415/65005/4017/54908/7087/4913/1380
KRAS.600.LUNG.BREAST_UP.V1_DN	KRAS.600.LUNG.BREAST_UP.V1_DN	207	-0.34231010641450177	-1.4235789183731689	0.00922068909622914	0.03448537721989699	9073/1014/10297/6519/57016/57604/5816/6401/114088/8911/2246/610/1805/10268/9172/6457/9413/5737/30819/9547/79957/56603/8842/79661/2261/2321/948/2053/27202/54847/1672/7306/623/10912/9472/8578/25840/5126/1410/51316/3779/154661/9843/23242/25861/5624/6712/5076/4842/6332/8736/27165/3613/2593/1360/5896/8303/8541/80144
RAF_UP.V1_UP	RAF_UP.V1_UP	186	-0.34807092155940383	-1.426950086066024	0.009134311839470301	0.03448537721989699	7857/6286/2246/8835/3306/55790/1827/2180/55450/2624/56892/5468/8013/65997/23224/5311/29760/7368/58494/10020/2770/55422/3694/10144/81537/51635/5144/2034/5358/7280/827/2028/2745/8850/4217/57406/10982/64131/5274/1839/7089/8714/51232/65981/79789/3613/51097/5583/4734/1956/3897/57037/4488/1545/8935/26273/8863/55286/23554/81553/7378/89797/9317/3655/5264/1318/10903
RAPA_EARLY_UP.V1_UP	RAPA_EARLY_UP.V1_UP	131	-0.38024694752338334	-1.4831685986739467	0.008878250955232378	0.03448537721989699	2103/2905/375057/5138/25849/257407/3236/1579/6585/8646/53358/8395/5789/22899/554/775/8654/1066/1002/286/6327/8916/23245/5153/3861/8558/7425/3706/1195/22874/9914/5582/2561
KRAS.50_UP.V1_UP	KRAS.50_UP.V1_UP	42	-0.5099161387478106	-1.6447934637094863	0.009953668715436076	0.036496785289932276	1114/9173/9892/793/6616/5950/1780/3673/5649/3800/5178/2254/50486/2745/6781/23462/25758/2115/3290/2/6447
PGF_UP.V1_UP	PGF_UP.V1_UP	185	-0.34170794447447966	-1.4001225460117028	0.010593252199263619	0.03809496463965955	9173/7103/2888/221981/10351/273/22915/4675/5997/3673/23224/2167/5567/489/131544/1429/7503/23382/9236/5915/25780/4750/862/5743/22873/3572/1359/5980/10142/7975/3295/1102/7049/9988/26278/80055/140890/9652/51109/178/34/5189/4897/81550/50618/54505/5611/9321/91304/3091/2743/55687/50999/2701/8803/221154/23761/25977
PKCA_DN.V1_UP	PKCA_DN.V1_UP	117	-0.37766808404328617	-1.452210016057877	0.010810946213631557	0.038144281923567946	2670/760/1733/5166/124976/5967/55244/55512/54550/7275/57731/7008/11001/948/43/1066/5105/84814/8927/151556/90865/2203/387914/9963/29965/1960/2775/8824/116842/4842/374887/1039/28999/54884/23541/148534/27314/9701/9962/164091/2941/94103/347733
KRAS.BREAST_UP.V1_DN	KRAS.BREAST_UP.V1_DN	101	-0.3923483638723882	-1.4708331009840914	0.01123674440349494	0.03891242969358433	9073/5243/9899/114088/610/1805/10268/9172/80852/5737/51050/79957/79625/2261/2053/54847/51162/10085/10912/22843/154661/6712/4842/6332/27165/100129482
MYC_UP.V1_UP	MYC_UP.V1_UP	162	0.33042336851941656	1.4088509701793253	0.011736461940182269	0.039903970596619716	3240/80758/389336/9955/10195/56915/10799/79077/29901/55536/126382/84221/84798/3336/116447/9718/54976/10683/51042/65999/79711/10849/10669/55850/54517/10534/23160/7087/130574/400916/4234/9136/10813/115098/51154/27346/64216/6875/6496/5373/10257/23082/56652/55621/10056/51293/55199/7374/79763/51388/79050/80324/11040/144577/29803/51218/83855/80742/221143/57101/29078
PRC2_EED_DN.V1_DN	PRC2_EED_DN.V1_DN	186	0.3171053653615928	1.3748828813043794	0.01215511348753138	0.040589396824435145	11202/4605/55723/55388/55143/5347/8318/701/24137/6362/63967/8438/9493/4998/10460/4171/55057/80178/4007/9401/3625/768/64858/4174/5959/11151/23649/3619/55732/10919/3787/126353/26233
MEK_UP.V1_UP	MEK_UP.V1_UP	186	-0.3396918500198752	-1.392599279624288	0.013341591535783135	0.04376978275774467	57016/1646/360/5101/5166/4128/25849/6286/347/55790/2180/9518/55450/93664/5468/51083/5569/2261/79762/10020/22998/8659/10186/220/81537/8611/2273/8644/2034/4644/4680/22936/7280/4982/9314/51280/6712/408/8714/23034/79789/6484/51097/5583/3897/56904/2026/5328
JNK_DN.V1_UP	JNK_DN.V1_UP	147	-0.3565490201679497	-1.4155389710469346	0.014868586831768785	0.04793837478518557	33/6338/57016/6928/6529/23345/27124/7010/8912/783/80303/53358/7754/1901/65012/26220/320/2042/3762/2568/5175/8497/8644/6327/9283/90627/1400/9060/1183/10317/6584/7957/2781/3752/8736/5142/6236/22808/312
BCAT.100_UP.V1_UP	BCAT.100_UP.V1_UP	42	-0.49603586603745287	-1.6000210391995167	0.015780910170613047	0.05001746104923118	5243/5502/1917/3549/1428/2571/6926/5168/8470/10912/2202/4005/3040/5274
IL21_UP.V1_UP	IL21_UP.V1_UP	152	-0.3451209827504615	-1.3795955629882286	0.01620175629336933	0.05049547378100108	5745/5798/7253/8938/116986/7018/9099/2562/729/2696/10439/2774/65009/79957/22927/23460/79152/7447/8404/9934/9625/6579/1775/7368/54329/974/8659/79814/1675/1003/1959
KRAS.KIDNEY_UP.V1_DN	KRAS.KIDNEY_UP.V1_DN	94	0.3641525303244506	1.4376567136659364	0.01985786948045733	0.06087576381713969	10942/3627/6373/8329/1473/6364/7305/23149/11006/4600/64106/54209/4188/4938/79644/10437/91543/401466/4599/51561/10964/23612/13/929
CSR_EARLY_UP.V1_DN	CSR_EARLY_UP.V1_DN	120	-0.3677843501659295	-1.4194138791725783	0.02169422910680985	0.06543259424150713	443/9194/120892/216/112476/8436/9751/79625/1153/275/3206/221400/8654/284040/56967/89932/10628/27031/84809/2674/9924/84680/10521/55793/10307/55325/65258/57561/7769/1152/79777
ESC_V6.5_UP_EARLY.V1_UP	ESC_V6.5_UP_EARLY.V1_UP	135	-0.34641856567251295	-1.3547245812375976	0.022499970905025982	0.0667856279244422	153572/5174/84952/4057/762/26287/6263/2819/54843/5168/161725/10395/5567/8448/23328/1951/84258/10912/84532/2203/9963/368/6304/92749/23001/2022/55605/79885/27237
ESC_J1_UP_EARLY.V1_UP	ESC_J1_UP_EARLY.V1_UP	157	-0.3353471355528755	-1.3453931924695972	0.024101508178875818	0.06933818506845812	153572/8029/360/5166/256949/2259/273/7704/65997/4616/7033/84830/4355/28514/54463/51635/56967/10912/8613/84532/7067/10103/6781/9572/1375/117/145407/23462/599/1601/9456/27109/5295/79816/27141/162417/5159/53947/57224/8292/6387/54760/27163
STK33_SKM_DN	STK33_SKM_DN	240	-0.3131533848842573	-1.322114110461159	0.024029120269756885	0.06933818506845812	353189/3815/120892/116154/814/124976/26999/2888/93986/26287/6457/54996/283659/114928/389125/132720/3781/3899/55753/5507/596/8218/79762/2053/285382/11240/9420/222553/3399/23329/65975/387914/9900/5874/59350/3040/8501/28/26084/2824/51232/340527/22873/55316/4883/115265/26050/202/4811/170371/4548/5213/57460/55529/6004/323/91373/11096/339541/79656/23007/83699/5577/56994/57545/7026/79974/3782/6770/151827/55286/55314/84707/4430/51119/9750
KRAS.50_UP.V1_DN	KRAS.50_UP.V1_DN	31	0.49597928360066135	1.5807335171131598	0.02628242890260577	0.07446688189071636	6278/3851/6664/7051/51214/10993/4600/3868/525/170679/4908/10964/7226/10669
ESC_V6.5_UP_LATE.V1_DN	ESC_V6.5_UP_LATE.V1_DN	154	0.31454904523488453	1.3262833583423908	0.028770734808141765	0.08030040909138074	132625/5655/2118/81930/79733/147111/7051/2707/27293/100170841/7076/4015/3624/4609/4071/2810/149428/3625/3383/8822/10381/2709/64858/84798/637/100/23590/27071/57761/602/6939/5546/301/9136/313/6275/53838
ATF2_S_UP.V1_DN	ATF2_S_UP.V1_DN	166	-0.3347591508300928	-1.3510812030339956	0.03030064076687708	0.08332676210891196	57604/9920/9737/125/22837/53616/2563/10351/55790/3708/1674/23492/26249/5997/654/8490/2121/10580/3908/11240/2254/3399/55022/1803/5350/6943/1294/90865/283131/10687/79987/29965/2202/4982/5972/1307/5743/1612/6424/2252/8714/8527/9013/79789/56521
KRAS.600_UP.V1_DN	KRAS.600_UP.V1_DN	192	-0.31912042794067164	-1.3101155842772112	0.03122583346843646	0.08462653418257418	9073/4586/1014/363/6519/57016/2299/5243/54848/8911/1805/5625/10268/9172/9547/7704/29881/6262/2261/7710/948/29760/489/2053/8857/27202/64919/54847/72/27254/10085/10912/22924/3779/6524/154661/23498/5167/5794/5409/26353/23242/7056/25861/5624/6712/4842/3753/6332/9369/6236/3613/3224
NOTCH_DN.V1_DN	NOTCH_DN.V1_DN	134	-0.34280119017955396	-1.3402490189907676	0.03511223753354298	0.09379983455389337	33/10891/8537/760/1734/6401/762/25759/395/6926/7704/8448/3741/84830/9420/8497/3397/60494/51161/1400/2982/3589/55503/54436/7638/4648/8111/3753/10365/1193/7539/28999/4811/1102/25992/27141/8788/1056/347733/11132/10266/4967/10272/3679/11228/5260/166614/80228/4038/55332/2196/5611/79983/767/3280/414/8424/221078/10161
BRCA1_DN.V1_UP	BRCA1_DN.V1_UP	76	0.3655090853137548	1.3872786440472682	0.036427786497471366	0.09594360669052318	9074/8091/11202/10942/5047/8970/7348/283212/25833/7409/3965/57333/4056/1493/7058/9312/8483/51477/6495/23090/64581
BMI1_DN.V1_UP	BMI1_DN.V1_UP	135	0.30960012360352007	1.2989060682640612	0.03729988710189922	0.0968760956674327	131578/6364/3604/63967/8076/7130/51200/6513/4277/2919/3624/79581/24147/719/3936/6510/9076/81839/683/50943/1305/2191/64866/1435/4240/8744/8828/6890/26018/943/8200/8876/3696/3037/1520/8038
TGFB_UP.V1_DN	TGFB_UP.V1_DN	171	-0.32727297908968056	-1.3278412619502926	0.03834355828220859	0.09822253970921926	2625/7010/54852/7018/8436/5414/4254/624/54039/26033/5997/4286/57613/5923/7368/10020/154/2770/8547/10144/84981/3397/10633/6526/9699/23005/79605/9957/7056/5727/9095/56548/64968/1962/57716/4092/57037/23417/5193/7026/10265/10451/116039/10272/3398/7216/7158
ALK_DN.V1_UP	ALK_DN.V1_UP	105	0.33029655925738655	1.3346855718540769	0.043012755968436206	0.10724513821463427	10648/5368/6364/1116/6999/63967/366/10797/54210/29968/875/1475/643/24147/6510/683/50943/64127/1080/6536/4056/2191/3887/57761/2769/199/8200
JNK_DN.V1_DN	JNK_DN.V1_DN	146	-0.33914764416538823	-1.3474977991799864	0.04272504321026669	0.10724513821463427	486/9899/2905/5101/9478/5345/1428/4886/9715/23769/10231/4093/8515/57447/57338/24/135138/4753/489/150759/4857/27289/7503/50486/94/26140/79987/9727/11057/23043/1850/7975/142684/432/2047/84179/3764/6004/2241/2113
ESC_V6.5_UP_LATE.V1_UP	ESC_V6.5_UP_LATE.V1_UP	167	-0.32258723032101877	-1.3041150405834947	0.044753086419753084	0.11011614684860299	486/79589/7113/5745/6928/8029/762/25849/5950/4634/650/203447/5783/5567/83641/54463/1803/827/2054/6304/5325/29942/2719/145407/23462/1512/4646/7102/351/55605/1601/3169/11149/51097/27237/187/55937/26286/8434/9867/142891/4488/9663/201895/2878/5308/10266
STK33_DN	STK33_DN	254	-0.2936771300222019	-1.250410502649766	0.04630969609261939	0.11246640479636136	57687/9920/353189/3815/2823/120892/26999/6457/6096/389840/54996/114928/132720/3781/23314/3899/55753/10804/596/8218/3206/79762/11240/56898/157983/222553/29953/3399/54463/10125/387914/4680/23164/54832/10687/59350/23576/8501/26084/375704/2824/256435/340527/54836/129804/55316/202/54947/11320/4548/5213/57460/55529/6004/323/91373/339541/79656/23007/5577/56994/7026/6770/84707/4147/80854/9750/9468/6546
TBK1.DN.48HRS_UP	TBK1.DN.48HRS_UP	50	0.4039642336514063	1.4346452129398553	0.047055132549763456	0.11281166393340726	1029/23149/10123/84722/11200/1019/6657/348/1050
KRAS.LUNG.BREAST_UP.V1_UP	KRAS.LUNG.BREAST_UP.V1_UP	103	-0.35621502558239426	-1.3367363572086695	0.04784688995215311	0.11325782811459029	9173/9892/793/57733/5138/3798/6616/5950/1770/28231/6926/3673/5649/654/3800/4753/57821/11343/2828/50486/2745/11155/10103/6781/7185/3706/5743/1839/25758/29948/196475/3290/89795/51454/2/6447/7850/2113
KRAS.LUNG.BREAST_UP.V1_DN	KRAS.LUNG.BREAST_UP.V1_DN	104	-0.35346620775734433	-1.3256879549743101	0.0512	0.11968	9073/1014/6519/57016/5816/114088/8911/610/1805/10268/9547/79957/2261/2321/948/2053/27202/54847/1672/623/10912/9472/8578/25840/3779/154661/23242/5624/6712/4842/6332/27165/2593/5896
KRAS.PROSTATE_UP.V1_DN	KRAS.PROSTATE_UP.V1_DN	99	-0.36125096041393706	-1.3466239840736383	0.0532258064516129	0.12287933094384706	1950/1014/5745/5243/9737/1510/80157/9245/26289/23769/7704/65012/9625/4129/9498/2053/1408/8745/10125/727/10044/9077/6649/5167/3040/65055/5794/23242/2826/4842/94009/6236/56521
BMI1_DN_MEL18_DN.V1_DN	BMI1_DN_MEL18_DN.V1_DN	132	-0.33628305517242646	-1.312628028897095	0.055379746835443035	0.12629283729546154	3773/10891/8671/760/360/5950/8835/80303/140597/25956/9547/9122/27115/23321/24/8842/5122/55753/4129/5178/8654/25840/283131/9077/10562/3953/10103/7373/5274/11275/9023/1512/8522/5142/1962/2/8788/2353/8633/6990/2878/28959/4905/10451/53343/3679/3398/8800/8309/5121/2109/51308/23057/55365/79582/23316/1806/414
NRL_DN.V1_DN	NRL_DN.V1_DN	108	-0.34413273076443934	-1.3026681159153612	0.0576	0.12822857142857144	5137/130271/3164/4135/5783/153/146691/3800/10814/26002/340348/154/131544/5175/56967/83700/85458/5924/10924/6038/1687/114987/10060/54836/93649
SRC_UP.V1_UP	SRC_UP.V1_UP	122	-0.33998451669632607	-1.313832430453211	0.05705229793977813	0.12822857142857144	10297/1286/51761/27324/163175/339483/56776/644165/29881/10814/158056/596/83538/320/92162/25830/10894/200403/440672/6450/23542/93611/2100/4325/79660/6853/56475/199223/5864/129852/85012/79955/23416/2353
RB_DN.V1_DN	RB_DN.V1_DN	113	0.31243501229406934	1.278496540210567	0.061505305008191354	0.135311671018021	387695/4322/4318/2706/646/684/283120/11274/6187/3965/22809/8128/8347/140576/5033/6713/3918/928/8038/3914/5721/10016/375790/5720/9620/84889/8655
KRAS.LUNG_UP.V1_UP	KRAS.LUNG_UP.V1_UP	102	-0.34851279065738533	-1.311384468861197	0.06309148264984227	0.1356104282243736	9173/5243/57733/3547/4504/5950/79940/80852/28231/6926/3673/79625/5649/55753/3800/4753/3741/116828/51162/50486/11155/10103/117/1839/25758/55565/10763/3290/89795/6447/2113/2170/28959
MTOR_UP.N4.V1_DN	MTOR_UP.N4.V1_DN	174	-0.3114967332111353	-1.2604258061945233	0.062402496099843996	0.1356104282243736	6328/5334/55450/7035/534/23492/135/55512/7704/3204/1901/6262/23224/79870/4311/150759/3762/863/55268/7832/283131/57396/8850/55073/66035/10628/64131/7957/1195/50861/9884/130872/7552/349152/25901/373/474344/5896/9962/55733/1657/57326/114327/9648/10516/285203/57337
PGF_UP.V1_DN	PGF_UP.V1_DN	146	-0.3266899277940442	-1.2980009334874494	0.06605222734254992	0.14036098310291859	816/3494/125/8912/2784/6752/9940/5737/23263/650/2774/6710/23114/23237/387590/5168/4753/5310/775/9783/4130/8497/863/9283/5153/4680/26140/79987/6469/1302/3488/5794/7425/3489/5076/23217/92017
KRAS.PROSTATE_UP.V1_UP	KRAS.PROSTATE_UP.V1_UP	101	-0.3483793506556693	-1.3060023382953714	0.0670926517571885	0.14096995369207022	7038/83478/816/9651/5166/26960/5284/93664/11248/9638/3673/58494/2869/1002/6935/171024/6376/6861/64130/151050/4648/25758/1759/2022/23143/161176/10763/64091/7079/7099/1056/25924
KRAS.BREAST_UP.V1_UP	KRAS.BREAST_UP.V1_UP	99	0.3198946524676394	1.280596587059987	0.06806282722513089	0.14141942990110531	4319/250/60598/4318/5653/3481/8796/7015/8329/27299/1041/64321/4613/4778/6276/1297/56649/56901/51311/7681/2116/79168/2556/51700
RB_P130_DN.V1_DN	RB_P130_DN.V1_DN	129	0.3089418349571577	1.2924132705392928	0.06954510629843866	0.1429113722836047	387695/5650/5653/8796/2706/646/11274/6513/4973/3099/60674/84650/8635/1832/441478/83666/3417/8894/6237/81607/10953/64216/839/2739/402778/1508/10765/253832/1191/6772/5954/26017/4664/84298
ESC_J1_UP_LATE.V1_UP	ESC_J1_UP_LATE.V1_UP	162	-0.3128568985736352	-1.2581887497656299	0.07230769230769231	0.14617749752462347	79589/7113/5745/6928/8029/762/25849/5950/4634/650/80114/203447/6695/4616/7033/5178/3957/6578/54463/1803/467/2152/1410/827/2028/26056/9957/5156/2719/64283/1512/51232/4646/351/1601/55937/3487/27141/4647/11099/7049/3491/8788
KRAS.AMP.LUNG_UP.V1_DN	KRAS.AMP.LUNG_UP.V1_DN	107	-0.3395970689700839	-1.2830156850803287	0.07269789983844911	0.14617749752462347	10297/7018/9245/9651/5625/9754/6620/51286/5016/8842/10814/9625/8659/387751/1408/29953/10875/947/8578/727/6524/28968/54715/5167/5794/3384/2781/79640/1759/10391/2840/3224/5896/8541/79696/57460/8854/11096/7099/3039/2662/10411/100132341/400961
YAP1_DN	YAP1_DN	33	-0.46133270444831875	-1.4022592711216615	0.07521367521367521	0.14962720494635387	57030/9671/785/3673/7447/139818/55592/7078/23462/164832
STK33_NOMO_UP	STK33_NOMO_UP	275	-0.28080844808122324	-1.1998274201456542	0.07725947521865889	0.1520791775356759	3772/7857/4254/9518/3801/5997/23362/9934/80315/10472/57613/2167/81617/8867/10144/84981/55022/2791/1959/2034/9788/25943/7832/283131/285513/7280/79605/9915/1960/25780/6781/5774/1847/6041/9839/8564/7056/26040/57520/1612/79660/57728/2651/549/9832/5800/11057/388/23764/65981/817/3572/1389/373/1601/1843/115265/23673/3759/64400/3290/9778/2/5328/3176/2353/7850/57561/115548/66036/9706/163486/57614/10507/166379/153222/64651/23645/7378/4013/8829/22862/144811/6446/139231/3667/9732/22822/143279/55664/9321/23253/3725/23174/123720/51313/4213/8139/7673/53346/10771/25977/51762/28962/10461/444
KRAS.LUNG_UP.V1_DN	KRAS.LUNG_UP.V1_DN	102	0.3131229398327582	1.2500035735364787	0.07880434782608696	0.1535043025362319	6278/5650/11202/1382/3851/11012/222/7051/1580/3485/3868/64108/79644/2619/51806/1280/200315/170679/23493/6536/129080/1010/10076/140/2049/23616/27076
ATF2_UP.V1_UP	ATF2_UP.V1_UP	146	0.2897764469665701	1.2153997808167838	0.08262108262108261	0.15765451479737194	5055/2305/3481/9833/1473/64151/5888/116372/51514/3231/257/10733/7083/51659/256227/1280/4050/239/719/5050/9076/9235/3855/3887/7226/64220/5947/2769/9830/9982/6045/5424/11226/6275/84034/64170/4312/29122/5580/64785/79172/930/10077/51193/4756
WNT_UP.V1_DN	WNT_UP.V1_DN	139	-0.3245661924221939	-1.278873742273375	0.08242612752721618	0.15765451479737194	2670/10297/5502/51655/1734/2905/146556/10268/4254/183/10439/1036/153/196883/845/10098/974/1272/50486/29118/6781/80737/89765/7056/3489/5743/23462/197131/8714/22918/2166/134147/634/26297/7049/4233/2941
BCAT.100_UP.V1_DN	BCAT.100_UP.V1_DN	29	-0.45362834215556147	-1.3654019076628807	0.09090909090909091	0.16612667224080266	7113/5071/1795/83660/3488/79640/7552/26297/56062/11067/3507/65250/79932/7071/8337
EIF4E_UP	EIF4E_UP	90	0.32172529358846214	1.2606863162995692	0.09114583333333333	0.16612667224080266	5644/9551/51491/26257/7940/6944/84661/65265/10534/10360/4191/4234/56902/3417/10591/400931/79413/79833/5373/54522/79763/51263/9191/51160/3606/26272/5202/9775/283951/60488/7347/114884/25822/10598/118487/10651/8266/6882/81558/51027/29058/79717/134492/8834
ESC_J1_UP_EARLY.V1_DN	ESC_J1_UP_EARLY.V1_DN	157	0.28469036564167916	1.2034326987993118	0.09221902017291066	0.16612667224080266	8817/2118/7051/83903/25806/4815/54209/100170841/81030/10293/4050/22809/4609/1815/2810/5971/3625/8347/8822/2013/64858/2633/84798/2077/8409/7464/27071/55803/57761/602/3918/6939/301/63943/53838/26191/11277/11322/126792/55330/6199/4665/54913/51330/29080/7584/80757/10398
KRAS.300_UP.V1_DN	KRAS.300_UP.V1_DN	102	0.30891993769899256	1.2332249635451618	0.09239130434782608	0.16612667224080266	6278/1382/3851/6664/7137/7051/51214/10686/10993/684/4600/54209/4825/79883/3868/64108/4938/525/170679/4908/4599/10964/1521/2633/7226/51087/83463/10669
RELA_DN.V1_DN	RELA_DN.V1_DN	95	0.31728058940645154	1.2620283929536318	0.0916030534351145	0.16612667224080266	9074/3359/5650/1469/3627/6373/11012/25975/7137/4778/10371/3012/2833/57082/5003/5031/1118/768
RPS14_DN.V1_UP	RPS14_DN.V1_UP	169	0.2812548431098933	1.2082588842234714	0.09090909090909091	0.16612667224080266	27299/8900/3604/3556/7305/4600/23601/7127/597/10123/2201/9047/1475/9450/3119/3689/719/5730/56833/7940/4599/10261/683/3428/4332/29108/4818/64866/3055/929/2124/100/3108/11314/4688/3385/64231/199/7045/928/8876/6692/54440/1520/64581/3553/26191/10800/3109/3684
STK33_NOMO_DN	STK33_NOMO_DN	253	-0.2790781516234078	-1.189469379836493	0.09496402877697842	0.16912641315519011	57687/3815/2823/120892/26999/8835/55244/6096/389840/9122/132720/23314/27319/3899/22824/121551/3174/10804/596/3206/79762/11240/56898/157983/222553/29953/246721/54463/10125/387914/4680/9863/54832/10687/91851/23576/8501/414328/2826/375704/256435/340527/54836/129804/245973/202/4734/54947/11320/4548/151473/9615/55529/54841/323/79656/23007/285987/56994/160335
EGFR_UP.V1_UP	EGFR_UP.V1_UP	187	-0.2964663300970546	-1.2178615925981706	0.0958904109589041	0.16916515895580253	5101/4128/6286/8835/3306/55790/1827/93664/7035/56892/3673/51083/2261/316/3694/72/6578/81537/84981/11343/8418/27289/467/2034/4680/22936/7280/9915/1594/2745/9060/4217/4982/5167/5325/1847/9314/1839/2114/9590/8714/80323/23034/5142/2710/9456/51097/26286/1956/11320/2/3491/6004/1545/3895/116984/10451/5873/65124/2150
CRX_DN.V1_UP	CRX_DN.V1_UP	105	-0.33532009784802813	-1.2624097606692515	0.10305958132045089	0.17207269381182425	2103/384/358/57393/10551/92558/24/22925/5208/135138/83641/114789/7503/171024/4157/161145/114987/145407/8522/1039/2166/79658/5533/11099/115701/4638/5961/6489/4208/51347
ESC_V6.5_UP_EARLY.V1_DN	ESC_V6.5_UP_EARLY.V1_DN	141	0.27896157655864007	1.170055133191256	0.10249307479224377	0.17207269381182425	5655/3481/11012/1301/81930/629/7051/1277/2707/257/112616/1278/4015/3624/10537/389058/4016/4071/1281/2810/3625/951/8822/2709/2191/602/91057/1832/3918/5546/26270/301/9423/51435/6275
KRAS.600.LUNG.BREAST_UP.V1_UP	KRAS.600.LUNG.BREAST_UP.V1_UP	194	-0.29322495764763423	-1.2062495140898664	0.1004566210045662	0.17207269381182425	2670/9173/9892/83478/793/57733/5138/3798/6616/5950/4023/6855/5602/27324/1770/28231/650/6926/7035/7122/1780/83483/3673/5365/5649/654/55753/3800/4753/3741/9024/57821/2324/201191/11343/2791/2828/9196/50486/2203/2745/11155/10103/6781/7185/3706/5743/1839/2826/9590/25758/29948/196475/79891/3290/3090/89795/202018/51454/2/4684
KRAS.AMP.LUNG_UP.V1_UP	KRAS.AMP.LUNG_UP.V1_UP	86	-0.35213280260835317	-1.2859149095704467	0.10064935064935066	0.17207269381182425	1950/6751/1852/4023/23263/10231/1780/57134/1795/4753/4857/26140/368/168667/55073/11136/64800/9884/2252/8111/57172/6517
NFE2L2.V2	NFE2L2.V2	336	-0.2673752428351501	-1.1680426604625356	0.09957325746799431	0.17207269381182425	4586/5174/8537/1645/57016/5455/63827/353189/3815/282973/83876/7018/9245/56920/55244/1644/84734/183/4093/6710/3081/2153/120114/5789/1582/231/9856/3800/10814/2321/5178/4133/339105/10020/84254/51751/1672/6775/80274/8644/66002/94/9185/387914/3563/2583/4982/162494/65055/26027/376267/4356/2100/1756/22949/2252/57172/8522/7102/2151/2235/9098/6517/54768/10788/29948/4199/23704/4734/56928/9778/51673/3897/6470/873/54414/3841/23062/91894/218/57535/23293/4241/7099/29969/64582/23187/1842/6387/150967/224/6696/147166
PRC2_EED_DN.V1_UP	PRC2_EED_DN.V1_UP	152	-0.3057963445273155	-1.2223982347458127	0.10138248847926268	0.17207269381182425	3772/9173/57016/7857/83478/8029/4306/23051/11248/2262/5168/1259/9625/284040/79772/8644/467/10912/23162/9788/8777/27344/6304/80031/84869/1756/51285/10391/81602/5980/56521/3224/1850/29948/8792/29951/57460/6447/7769/1519/2517/6528/219333/6249
RB_P107_DN.V1_DN	RB_P107_DN.V1_DN	121	0.30584410955572094	1.2627375414363862	0.11710412468102717	0.1937917815517883	387695/1382/23566/6590/6280/2706/6279/9111/5050/54/10280/8347/192286/140576
ATF2_S_UP.V1_UP	ATF2_S_UP.V1_UP	145	0.27933066234512216	1.1712728360485138	0.11931818181818182	0.19572368421052633	1469/10112/2305/1033/1473/7153/116832/8928/6280/9493/3231/257/2146/7083/56033/256227/5698/78998/2919/29802/91543/719/5730/9076/9235/3887/7226/5371/2769/2302/8082/9982
PRC1_BMI_UP.V1_UP	PRC1_BMI_UP.V1_UP	139	-0.3115737476073011	-1.2276801894338092	0.12130637636080871	0.19725471634322808	6506/23743/2905/116986/27129/54848/375057/3798/6286/4634/26287/28231/6493/1800/285596/1259/79661/482/9625/8643/79772/10912/1959/4661/79608/2982/10560/3040/79640/1756/7089/7225/7102/81602/56521/29948/7975/1962
P53_DN.V2_UP	P53_DN.V2_UP	97	0.30177513755958063	1.2013729949641887	0.12371134020618557	0.1994312122289371	4322/6364/3604/3640/2359/241/51557/2919/6351/968/7157/5806/5031/5971/3557/23529/1493/4784
PKCA_DN.V1_DN	PKCA_DN.V1_DN	124	-0.3145211040669193	-1.2178147603467004	0.125	0.1997863247863248	53828/4586/6563/25849/4023/5071/30819/4185/6505/24/57381/2550/150094/974/3694/1675/55859/1742/4157/64332/9839/28/114757/25890/23001
HOXA9_DN.V1_UP	HOXA9_DN.V1_UP	180	0.2673804631345874	1.153756466496355	0.13372093023255813	0.21191367757193533	8900/1116/7305/9636/2207/6280/8345/85236/9473/10123/2535/55013/942/6279/10437/8832/54145/3122/683/3428/64127/4332/10855/3108/4688/3385/64231/1890/25939/8099/51338
RB_DN.V1_UP	RB_DN.V1_UP	111	0.2904551521375608	1.1862765684044294	0.13829787234042554	0.21732522796352585	898/6241/29089/7051/8438/5427/8784/9134/4609/5983/9048/23493/1763/29107/5111/191/58495/4175/8744/100/2886/3925/4176/2052/8914/5557/1397/54584/7884/4833/11164/1786/23234/2956/7283
ALK_DN.V1_DN	ALK_DN.V1_DN	89	-0.3359928725340721	-1.2325981391961267	0.14492753623188406	0.21856007480130904	1734/360/9729/5345/5625/108/80303/6710/57447/1800/1775/8448/845/10875/60494/26047/1410/4680/10562/3489/2185/27239/9914/53826/3169/55466/55020/27141/753/2353
E2F1_UP.V1_DN	E2F1_UP.V1_DN	180	-0.28490117696761014	-1.1619498287772267	0.14437689969604864	0.21856007480130904	9173/10297/7253/216/5063/8436/54996/65009/6505/5997/1153/489/3957/5310/23328/2690/7148/51474/2152/283131/27175/26056/64332/5156/2059/862/2674/5743/1139/23217/10365/3572/1601/6484/1879/23195/2040/272/218/2941/323/53947/57224/1545/153222/104/1374/115825/9659/6446/160760/22822/7043/3709
LTE2_UP.V1_DN	LTE2_UP.V1_DN	187	0.26103540056372865	1.1339026344352257	0.14202898550724638	0.21856007480130904	27074/4192/3429/1381/9636/2537/8357/8519/684/4939/8969/8365/29968/79365/11274/4940/1475/4938/5698/4277/2000/9111/8638/4071/3959/9246/10950/10964/6566/841/3956/54809/6890/10561/9830/3909/25939/3665/9949/10813/23586/5610/64761/3437
MTOR_UP.V1_DN	MTOR_UP.V1_DN	163	-0.29420687946627183	-1.1851770761166736	0.1443932411674347	0.21856007480130904	51655/100820829/3866/4629/8646/6854/1800/3784/1153/5507/1363/26002/4753/8639/3777/23328/1408/27254/10846/23268/1302/58189/9572/3977/6450/583/130132/11095/5142/10365/6517/23584/1843/6560/29948/4804/50484/4684/92565/23416/6820/5252/91252/10693/6804/5154/80760/130507/3398/1911
PDGF_UP.V1_DN	PDGF_UP.V1_DN	98	-0.3298370692218409	-1.2281591212377518	0.14193548387096774	0.21856007480130904	1950/9365/33/8029/6543/5071/108/415/1501/316/7556/4036/3694/8745/8916/94/1410/23268/4157/7078
ERBB2_UP.V1_DN	ERBB2_UP.V1_DN	187	0.25923783427190394	1.1260942484865377	0.14782608695652175	0.21939268461007594	55635/7272/64151/3429/10635/2537/51514/2348/684/4085/1894/445/6491/10733/4939/1062/4938/10926/4609/4071/10950/26271/10964/25788/55003/10561/3665/26018/23160/11073/29889/51012/23586
GCNP_SHH_UP_LATE.V1_DN	GCNP_SHH_UP_LATE.V1_DN	161	0.2703148203625644	1.1474791624192353	0.14739884393063585	0.21939268461007594	3359/84677/11202/5653/4188/51599/6513/54845/1043/9111/4049/11222/6282/4056/4521/64866/8828/10076/2886/80381/10148/3918/5696/4913/79016/60672/4125/8876/8263/3692/57085/81/8394/10400/6556/741
ATF2_UP.V1_DN	ATF2_UP.V1_DN	168	-0.2890153447091778	-1.1683416385760648	0.15325077399380804	0.22388980263157893	10351/55790/5737/28231/10129/23015/4621/150094/22998/2121/2254/55022/5350/6943/4299/10085/90865/9903/283131/9915/10687/79987/2202/6038/4982/1012/5743/6424/2252/353511/8714/8527/9013/5980/56521/3759/26499/2353/8553/1545/6387/57212/5934/8863/9936/12/9627/136/80760/5091/9317/9659/9738/11067
GLI1_UP.V1_UP	GLI1_UP.V1_UP	23	-0.4595100476951465	-1.300446862557331	0.15263157894736842	0.22388980263157893	5745/7704/89927/3489/373
CTIP_DN.V1_DN	CTIP_DN.V1_DN	98	-0.3229973507875483	-1.2026912058163817	0.15483870967741936	0.22445611402850713	1014/6519/29842/8786/51050/26049/273/2330/5600/23136/83714/4129/5923/320/66002/26140/6376/84448/25890/7225/54413/7102/79789/25786/22997
PDGF_UP.V1_UP	PDGF_UP.V1_UP	138	-0.2946939417721337	-1.160896999899689	0.16124031007751938	0.23045538299552515	9920/8941/3306/5209/65009/23237/22899/10472/150094/3777/467/2791/6526/4660/85458/8567/1960/57515/1026/1847/26027/5274/2114/1958
PRC2_SUZ12_UP.V1_DN	PRC2_SUZ12_UP.V1_DN	134	-0.2966258136692115	-1.1597172564344571	0.1614420062695925	0.23045538299552515	9920/4137/3373/9099/5071/108/10900/29970/1124/25802/64129/9079/3206/9498/489/2053/8557/27019/286/863/94/4139/91355/1821/58189/6196/9914/5800/9057/8736/257218/28999/27237/22871/6363/5317
PRC2_SUZ12_UP.V1_UP	PRC2_SUZ12_UP.V1_UP	150	-0.2891810431902461	-1.155442467875278	0.1669195751138088	0.23646939807789583	3772/2905/3866/4634/26034/28231/54039/23492/6710/79957/64849/3673/79661/146691/54893/9625/81617/51751/79772/2254/57573/220/8497/4661/66002/27344/2982/3931/6041/26040/770/2687/1839/631/7225/9023/81602/56521/26499/26297/8854/6447/51626/23251
KRAS.DF.V1_DN	KRAS.DF.V1_DN	155	0.26530585456868605	1.1184001124343568	0.17714285714285713	0.2490655209452202	3359/29113/11202/25818/27074/3604/7475/3485/8345/83481/2201/4059/3936/9455/9076/399664/914/8828/5979/86/65999/51012/9734/57128/8187/11005/196/4091/240/54955/6874/55076/1525/2178/80352/27128/5652/8175/54587/79845/1857
AKT_UP_MTOR_DN.V1_DN	AKT_UP_MTOR_DN.V1_DN	169	-0.28307367043290677	-1.1459870085218344	0.18	0.25119402985074624	1014/1308/5345/1805/9630/6252/4023/65009/57338/10888/137872/1124/8842/10814/5507/57452/3777/23328/1101/2791/9196/8613/91851/2202/11201/6304/6450/8824/2100/64968/4811/26499/3090/6470/23270/5317
CAMP_UP.V1_UP	CAMP_UP.V1_UP	195	0.2536774646318971	1.1077544038643419	0.18181818181818182	0.2518518518518518	1381/8519/6142/4085/10797/1535/10410/4830/972/4609/6352/60674/3127/6184/4116/79711/27350/3608/5036/11316/1890/7045/122769/29088/10036/4191/115098/5557/8607/2119/6732/55168/5479/226/4711/5359/3987/517/1293/5366/10456/6747/3276/3148/22818/2923/79101/7818/375/51582/95681/195828/5018/26574/5034/1054/1351/8818/7980/10616/1798/10475/10193
CORDENONSI_YAP_CONSERVED_SIGNATURE	CORDENONSI_YAP_CONSERVED_SIGNATURE	56	0.32741883885124357	1.194269907359518	0.1865671641791045	0.25652985074626866	991/332/3161/1063/7153/1894/7083/3689/1031/8836/2013/6624/3925/7139
EGFR_UP.V1_DN	EGFR_UP.V1_DN	179	0.25700301731963626	1.1113096241743217	0.20285714285714285	0.27689259645464026	10874/55635/4192/3429/79733/2537/8357/3832/80758/51514/8345/684/2146/83990/6491/8969/64699/1535/8365/3012/1475/4277/54145/10280/10950/10964/399664/54892/58495
STK33_UP	STK33_UP	270	-0.25898756234514475	-1.1046432020553385	0.20704845814977973	0.28056566430441165	7857/6252/4254/9518/7035/79739/5997/9934/80315/10472/2167/948/8867/84981/55022/10875/2791/1959/9788/25943/7832/285513/1960/25780/6781/1026/1847/9839/8564/7056/132864/26040/57520/1839/1612/57728/549/5800/1958/11057/388/23764/3572/373/1843/1850/23673/3759/64400/5328/142891/3176/2353/51626/57561/64582/115548/66036/201895/57614/166379/153222/64651/23645/7378/92255/23366/4013/8829/22862/6446/29103/50862/51676/5570/9732/22822/55664/9321/118490/23253/3725/23174/11120/51313/4213/8139/7673/10771/25977/10161/28962/444
CYCLIN_D1_UP.V1_DN	CYCLIN_D1_UP.V1_DN	160	-0.27498680946462056	-1.1081331004597772	0.22442748091603054	0.3019276182107749	5816/6751/814/6857/4745/3208/23209/687/51083/3912/288/3694/116828/1591/5105/9472/7140/2078/6792/8925/6038/10449/523/23542/2781/2549/6844/4842/1359/5465/51741/4734/5295/30/57326/23530/6004/6820/6609/573/842/2645
DCA_UP.V1_UP	DCA_UP.V1_UP	123	-0.2922709615394649	-1.1302407704089141	0.23015873015873015	0.3052459754587414	8029/9764/26289/5737/23263/2696/26249/8516/5016/29881/80177/482/1804/84951/9699/398/26140/5265/84253/6041/5409/23242/23542/81571/631/2561/54943/105/56475/27165/161176
MEL18_DN.V1_UP	MEL18_DN.V1_UP	136	0.26389538876859675	1.1036852927505867	0.22865013774104684	0.3052459754587414	3604/63967/7130/4222/10123/9955/27092/3117/27099/51200/4277/2919/3624/5329/24147/719/3936/6510/9076/6536/1305/2191/64866/1435/8744/8828/6890/26018/943/8200/8876/3696/3037/1520/8038
CYCLIN_D1_KE_.V1_DN	CYCLIN_D1_KE_.V1_DN	152	-0.2776230341780045	-1.1097775136211772	0.23195084485407066	0.30545639427965643	5745/5596/5816/1734/125/814/216/88/4745/687/492/2321/284/5336/5239/1591/5105/9472/2152/7140/1400/4157/28/2781/5624/2549/6844/4842/1359/4734/5295/70/2/23530/3764/7691/573/6387
LEF1_UP.V1_UP	LEF1_UP.V1_UP	171	-0.2690878430236511	-1.091767313176493	0.23773006134969324	0.3108777725342142	1114/2625/384/5799/4128/4023/6585/2774/23237/9829/10202/9201/4129/4753/5563/2254/2273/56967/2791/6526/1959/50486/58528/10810/27344/80014/1960/4005/3589/3040/55503/3489/2786/3768/11095/9590/83604/161176/2258/10763
CTIP_DN.V1_UP	CTIP_DN.V1_UP	86	-0.310179205111024	-1.1327091981674806	0.24675324675324675	0.32043650793650796	443/5745/63827/138046/7123/7010/2788/5737/30819/9122/285596/57538/3741/51162/947/6553/7185/5409/8501/8153/54836/8736
STK33_SKM_UP	STK33_SKM_UP	255	-0.2555285999410033	-1.0871102581123253	0.2536443148688047	0.3271137026239067	23305/9848/6252/4254/7035/29767/79739/5997/9934/80315/2167/948/56670/4133/84981/55022/58476/10875/2791/7832/25780/5797/4982/1026/1847/64332/8564/7056/56977/132864/26040/474170/57520/1839/57728/5800/93953/1958/388/7084/2115/373/1843/1850/23673/54206/3759/1102/5328/55333/142891/2353/51626/55329/57561/64582/115548/256643/201895/55628/166379/153222/65124/7378/57669/143872/92255/23366/11080/6446/29103/50862/51676/5570/22822/55664/9321/118490
WNT_UP.V1_UP	WNT_UP.V1_UP	132	0.261054670280837	1.0939132702401513	0.25675675675675674	0.3288596815994076	9074/8817/9212/3481/3833/4237/25806/3892/2139/3934/284654/5173/2919/4973/972/4049/1718/2810/3625/374407/54437/4150
ATM_DN.V1_DN	ATM_DN.V1_DN	97	-0.299726332645493	-1.1107246426338113	0.26221498371335505	0.33356599968977824	4826/10891/7113/4915/7123/7010/11069/1770/25769/30819/51050/2330/8557/94/4680/23498/2054/1183/3706/8111/3753/2561/54413/22808/7093
BMI1_DN.V1_DN	BMI1_DN.V1_DN	122	-0.2839146958309269	-1.0971568308156476	0.2662440570522979	0.33414522596496454	3773/10891/1917/760/8835/80303/140597/57447/23321/4129/5178/8654/1066/11240/55022/25840/8626/10103/27239/1958/8522/5142/2115/28999/56521/1962/4488/2353/10314/6990/2878/28959
BRCA1_DN.V1_DN	BRCA1_DN.V1_DN	110	-0.29309967842547713	-1.1090443246582484	0.2661290322580645	0.33414522596496454	443/5629/6519/27124/3291/5950/2562/57105/80000/56605/2254/22843/8578/10894/6524/58189
NRL_DN.V1_UP	NRL_DN.V1_UP	123	-0.2821319905909851	-1.091032365045605	0.2777777777777778	0.3440029433406917	2103/10297/6326/384/358/51761/8941/92558/79442/83698/148252/1259/22925/7033/27254/387914/7220/4157/3488/162494/8522/9811/1039/5465/23541/79658
P53_DN.V1_UP	P53_DN.V1_UP	184	0.24497233379575675	1.0643513962863993	0.27635327635327633	0.3440029433406917	1029/5655/10874/5645/27074/10232/3429/10403/1365/629/11339/4232/445/1278/23213/3012/51599/2000/1824/3875/4016/1281/3625/3691/1305/7464/8420/5947/688/126353/1832/26018/5754/7045/8099/928/301/9734/115353/10653/3880/3659
CYCLIN_D1_UP.V1_UP	CYCLIN_D1_UP.V1_UP	154	-0.2669749096518507	-1.0676098811414487	0.29493087557603687	0.3586232420429311	4586/1113/6285/5138/762/5648/9413/53358/3270/5923/5310/8857/1672/3397/8844/4661/5153/3040/20/7185/5774/1071/9314/7056/2687/2114/2805/5076/6853/25758/1958/7084/6484/6560
ESC_J1_UP_LATE.V1_DN	ESC_J1_UP_LATE.V1_DN	147	-0.27083038449397406	-1.0752265245723063	0.29275808936825887	0.3586232420429311	4826/6997/9476/6299/8835/5071/1644/32/26577/1153/11001/10395/8643/8448/58494/84254/10235/2121/8745/6775/25830/2735
SIRNA_EIF4GI_DN	SIRNA_EIF4GI_DN	86	0.27989146733416737	1.083923907078739	0.29533678756476683	0.3586232420429311	9319/8076/990/10644/1031/493/3113/8767/1080/54360/11235/65005/4017/4615/6732/55257/29015/55093/6747/10389/10010/80196/55254
CYCLIN_D1_KE_.V1_UP	CYCLIN_D1_KE_.V1_UP	173	0.24441353399065716	1.0558540004711936	0.30919220055710306	0.3730254290592147	1029/10024/5653/3833/6364/4778/1396/8519/341/3222/3934/1143/1043/30850/4917/1138/1290/126208/6631/7139/10669/7545/7791/3101/5424/6629/861/607/1984/6237/5585/1777/4055/196/5479/3835/5279
BMI1_DN_MEL18_DN.V1_UP	BMI1_DN_MEL18_DN.V1_UP	131	0.25369123358122064	1.0604716052747154	0.3170731707317073	0.3800813008130081	131578/3604/7130/10123/29968/51200/2919/3624/5329/24147/719/9846/3936/9076/683/6536/1305/2191/1435/8744/8828/11221/57761/56938/943/8200/8876/3696/3037/8038
SINGH_KRAS_DEPENDENCY_SIGNATURE	SINGH_KRAS_DEPENDENCY_SIGNATURE	20	0.3881704182401734	1.1095156230670578	0.33259911894273125	0.39615309071522764	84985/101/27071/3909/1366/9982/3918
RAPA_EARLY_UP.V1_DN	RAPA_EARLY_UP.V1_DN	151	-0.26394234166206937	-1.0537240336168536	0.3379416282642089	0.39996888914814605	9796/2902/2299/27124/785/22837/4093/5662/3784/22866/8639/1408/4130/8613/5126/23498/65018/1400/25841/7025/1120/5727/5076/2022/51097/4779/11113/7466/84179/4233/5017/1801
CRX_DN.V1_DN	CRX_DN.V1_DN	110	-0.2798017318688229	-1.0587269301203495	0.3435483870967742	0.4040474741326841	148808/2670/816/5950/93664/131544/2791/8844/83700/5126/84532/10924/6038/79689/1026/64283/1307/79683/28316/1958/93649
PDGF_ERK_DN.V1_DN	PDGF_ERK_DN.V1_DN	139	0.2466937251337055	1.0333441293204284	0.37047353760445684	0.4329909470752089	1164/4613/646/2535/1051/9450/10293/899/30850/51491/4609/29901/1944/23625/8445/944/2077/23401/10957/6903/5546/10755/113878/607
IL2_UP.V1_UP	IL2_UP.V1_UP	157	-0.25668014320262905	-1.0297857971489608	0.38778625954198476	0.4504101275425538	443/2670/5745/2562/8835/28231/650/7122/22927/57718/7447/4616/9625/2321/22866/8659/7762/1959/23158/1960/25841/56924/5727/1958/388/23764/2151
P53_DN.V2_DN	P53_DN.V2_DN	112	-0.2683198882358737	-1.02286500208131	0.4171974522292994	0.48157977510419125	1733/6751/6752/4185/2045/9751/64129/2167/8218/2053/2121/64284/1675/6578/22936/1594/2028/55503/5228/3489/4325/9369/81602/2166/3487/8434/26499/26297/3764/9953/2289/8863/7439/8996/406/8309/51302/3199/4524/8437/9187
AKT_UP_MTOR_DN.V1_UP	AKT_UP_MTOR_DN.V1_UP	164	-0.24812829558874722	-0.9972302787264392	0.4518633540372671	0.5152344341766398	53828/7809/51655/25849/610/10900/54997/8000/79669/3784/10347/91947/2321/1363/84254/4355/9068/467/10846/230
BCAT_BILD_ET_AL_DN	BCAT_BILD_ET_AL_DN	45	-0.30977065371010376	-1.0119961923863603	0.4503311258278146	0.5152344341766398	57205/90627/5325/1195/2894/5744/284800/79048/4047/374868/23479/4012/285527/7776/23370/9462
MEK_UP.V1_DN	MEK_UP.V1_DN	177	0.2309209505152787	0.9975833243192203	0.4619718309859155	0.5235680751173709	3429/9636/2537/8357/8519/8345/684/445/4939/8969/8365/3012/11274/4940/1475/4938/6279/4609/8638/4071/9246/10964/841/2161/6890/10561/9830/25939/3665/26018/29889/51012/6445/10813/23586
IL15_UP.V1_UP	IL15_UP.V1_UP	165	0.23202076783803868	0.9922964120583079	0.4744318181818182	0.53125	898/5645/2118/3604/11006/6271/3586/993/5008/51200/51806/6351/3099/6510/3625/50943/4056/1001/65263/9441/4839/92609/10849/54517/191585/5778/6692/56902/54923/7293/5339/5978/4046/51171/11007/84928/196/9816/5373/54913/51330/56652/200424/7855/55911/25907/80324/11040/26145/79693
TBK1.DF_UP	TBK1.DF_UP	273	-0.23230533893222427	-0.993263298875245	0.47238372093023256	0.53125	1114/9388/3306/27445/79669/9638/29970/23015/6695/57205/150759/55022/11343/8644/467/2791/50486/7280/29965/6622/1847/10243/29/22876/54436/11163/1839/3321/5744/80323/115/1601/7039/23673/4804/9765/3290/5533/1845/57037/2026/5328/54629/9988/10314/26278/7079/1152/9648/4860/66008/80205/285203/57212/8460/54566/5523/54662/8406
CAHOY_ASTROGLIAL	CAHOY_ASTROGLIAL	91	-0.26712836227967635	-0.9826135843417353	0.49193548387096775	0.547571044546851	57016/116154/9630/140738/1288/10396/84698/84913/1264/56670/4036/1672/83937/9903/1183/7185/10243/64968/5446/8291/54558/257236/4969/7436/10516
GCNP_SHH_UP_EARLY.V1_DN	GCNP_SHH_UP_EARLY.V1_DN	143	-0.24709013457666193	-0.9758317570601817	0.5062893081761006	0.5602136131889398	2902/5733/9630/2563/4256/132720/57338/90102/1264/3219/56605/863/83700/84532/5153/58528/1594/80014/1130/6450/4929/1958/115/80279/3169/54386/202/8788/2113/257144/5308/10267/1374/3398/5191/2649/55365/126006/84173/3280/91526/145282/114609/8148/10461/444
BCAT_BILD_ET_AL_UP	BCAT_BILD_ET_AL_UP	43	0.2734803895884437	0.942922905037902	0.5470297029702971	0.6013753347976386	6168/6157/10610/7087/113878/94234/81/811/837/10398/6929/6813/51006/80139/1602
CRX_NRL_DN.V1_UP	CRX_NRL_DN.V1_UP	119	-0.2517286440518842	-0.9703817594328548	0.5499207606973059	0.6013753347976386	2670/2103/384/358/51761/92558/79442/5662/1259/22925/7033/114789/7503/4157/8522/9811/1039/5465/53826/23541/5564/79658/4647/9696/6489/5151/4208/51347/79786/6528
MYC_UP.V1_DN	MYC_UP.V1_DN	148	-0.24031058483851733	-0.9546498405503012	0.565015479876161	0.6123465930123295	11223/55384/6529/5063/112476/6857/6710/137872/246176/83875/54055/8644/56131/6792/6038/64780/2185/51062/2894/84056/161176/2593/4804/9867/145567/114783/57561/7011/6843/5091/406/84895/8829/22911/7461/11067/5090/220441/10903/127435/2649
TBK1.DN.48HRS_DN	TBK1.DN.48HRS_DN	50	-0.2813847824898851	-0.933502172832566	0.5665024630541872	0.6123465930123295	1950/5997/596/1429/8869/4482/54386/8821/51382/6804/55608/5154/5601/80347/55111/8727/1846/5588/1738/8870
MTOR_UP.N4.V1_UP	MTOR_UP.N4.V1_UP	184	-0.2351106228325703	-0.9602762333656505	0.5698924731182796	0.6124706463972315	846/384/2246/6752/3708/28231/10083/55815/140803/974/9783/5175/4130/467/51474/7280/5095/2982/57406/8501/1831/590/2805/54836/2710/11320/2585/5213/8553/4969/7436/23236/8566/883/2632
YAP1_UP	YAP1_UP	45	-0.28024786161856097	-0.9155475687758889	0.5877483443708609	0.6280510879848628	814/83648/56660/1267/54414/54981/4638/4338/9639
CSR_EARLY_UP.V1_UP	CSR_EARLY_UP.V1_UP	146	0.22675059330443967	0.9510525244106026	0.603988603988604	0.6417378917378918	3159/11044/3624/5329/51491/24147/221527/8767/6566/84933/3608/54931/1832/10342/3654/51060/29889/9136/54107/83460/11047/5978/10096/54149/6921/9188/1973/945/10276/100287932/51330/10105/29080/1503/3840/59274/51388/4650/6482/23560/10921/9775/5612/6996/1736
PTEN_DN.V2_DN	PTEN_DN.V2_DN	119	-0.24218781803482367	-0.9336030941691205	0.6101426307448494	0.6446139658151798	57597/6926/23492/91316/5997/10202/81575/55753/2261/113177/9495/79608/9185/27344/25805/4217/3040/84448/130872/4929/10579/10391/57185/7975/4092
PRC1_BMI_UP.V1_DN	PRC1_BMI_UP.V1_DN	131	-0.23844589907508804	-0.9300678737703727	0.617693522906793	0.6452999373383815	2670/9920/9899/3373/51761/91316/5365/25802/2261/3206/489/2053/387751/27019/5105/29118/55073/50861/5346/3761/6712/8153/6853/5800
SIRNA_EIF4GI_UP	SIRNA_EIF4GI_UP	89	0.23880747203725589	0.931408837929054	0.6167979002624672	0.6452999373383815	7138/445/9918/3315/4728/23401/55726/8904/5836/57402/5349/1434/10575/3106/7324/23403/4358/9869/1605/5720/64065/23220/23344/57175/4841/158/27429/51056/27335/10884/4733
GLI1_UP.V1_DN	GLI1_UP.V1_DN	15	0.32215874982529147	0.8545036470423962	0.6371490280777538	0.6619270458363331	2348/23596/861/92521/51645/23344/143384/10801
EIF4E_DN	EIF4E_DN	95	-0.24525185899093263	-0.9042049850654457	0.6551724137931034	0.6768908363497809	5166/23327/9903/54832/4217/1793/5743/23001/55031/1102/54749/5328/283537/5903/10724/135112/1545/2517/57212/10507/987/154043/9317/7158/9321/10087/4008
PDGF_ERK_DN.V1_UP	PDGF_ERK_DN.V1_UP	119	-0.23405638936675438	-0.9022574756069457	0.6608557844690967	0.6790111631633026	9920/138046/360/3373/4128/140597/22824/4133/10098/5019/2745/57515/26027/9924/91754/5076/10391/3084/23673/8555/7507/4598/4692/2313/10428/10867/7637/9738/5376/23075/23339/4524
E2F3_UP.V1_DN	E2F3_UP.V1_DN	126	0.2186884486014557	0.9127030678657345	0.7050938337801609	0.7205057208573229	260429/51352/54209/5820/9047/27099/101/675/23624/441951/3221/2709/144501/8420/55110/705/285489/27076/339122/80131/4261/60489/64581/11335/4312/56342/79413/399909/25896/55096/5366
BCAT_GDS748_DN	BCAT_GDS748_DN	42	0.24826328712379445	0.8519505559564265	0.7125	0.724116847826087	2619/1280/5042/6502/5959/51477/10695/22913/4603/9620/653784
KRAS.DF.V1_UP	KRAS.DF.V1_UP	181	-0.2183860832706002	-0.8918517724929864	0.7484848484848485	0.7565765765765765	9173/9651/6286/3306/650/7122/5997/654/10000/10020/10098/1429/220/55022/8644/2791/54504/230/37/27175/7220/2745/23767/22876/26575/84869/9590/11127/65981/27165/847/6236/54884/6594
AKT_UP.V1_UP	AKT_UP.V1_UP	152	0.20948974616814886	0.8823593398186301	0.811965811965812	0.816331219557026	11065/56169/25984/8365/6513/56649/58191/1030/1718/1604/374407/3055/637/7037/6398/219699/493869/11221/5163/5836/57402/26270/51248/54107/10755/3437/8879/116844/10205/114569/1717/92521/138428/5359/3434/51330/51155/55287
TBK1.DF_DN	TBK1.DF_DN	278	-0.18050533720756745	-0.7724296008637335	0.9779086892488954	0.9779086892488954	9173/1308/4155/4128/8436/55450/3673/57613/10020/10098/112/3694/22936/8777/6595/4750/146057/28996/23767/6584/730092/25957/23466/4646/55102/11127/1039/373/10142/2040/4548/223/1287/9748/2353/218/23049/3895/163486/55213/51141/63917/79982/2803/5154/51701/65124/51747/6256/10247/23405/1203/54014/64854/59338/5611
