ID_ovary	Description	setSize_ovary	enrichmentScore_ovary	NES_ovary	pvalue_ovary	p.adjust_ovary	qvalue_ovary	rank_ovary	leading_edge_ovary	core_enrichment_ovary	Direction	ID_ref	setSize_ref	enrichmentScore_ref	NES_ref	pvalue_ref	p.adjust_ref	qvalue_ref	rank_ref	leading_edge_ref	core_enrichment_ref
hsa03010	Ribosome	166	0.5363748540628708	2.3799788219592304	1e-10	3.911111111111112e-9	2.8538011695906443e-9	5387	tags=58%, list=34%, signal=39%	11222/64928/57129/29088/6182/55168/9801/28998/64981/100008587/51021/6183/51253/51373/64963/64960/65993/65005/65080/65003/7818/51069/51258/28957/55173/10884/51642/29093/60488/51263/6158/79590/63875/64979/51121/6142/51318/51073/122704/51649/116540/9553/56945/51650/64949/219927/51081/64976/29074/54460/28973/64978/6155/51116/7311/64951/54148/55052/92259/10573/64968/128308/28977/54948/6218/100529239/740/6157/6227/6169/11224/6204/6168/6209/6234/63931/6167/65008/51023/200916/6171/51264/6235/6132/6187/6156/6159/116541/6136/6161/6208/6176/6201/6170/6224/6231/6138	Up	hsa03010	166	0.6565966174686302	3.1694490097579	1e-10	5.0285714285714286e-9	2.9323308270676693e-9	3028	tags=64%, list=19%, signal=52%	11222/6142/6158/65005/51253/6156/6187/6171/6169/65003/7311/6218/6167/64928/6168/6204/6165/6217/6155/6188/51073/6132/11224/200916/6138/6161/6201/6193/6136/6209/6224/6159/6202/6175/6157/10399/57129/6227/7818/6173/4736/6232/6134/79590/64960/51373/6191/100008587/29088/6222/6176/6181/6125/6234/6141/6182/6183/56945/51263/6235/28998/6170/29093/6208/55168/51069/3921/25873/6205/6231/51021/6223/64978/6128/51258/6152/219927/6230/51116/6194/65993/6203/6229/10884/9045/2197/116540/6137/64979/23521/6144/51642/6124/388524/54460/6210/6207/6233/64949/6135/6139/122704/128308/6133/55173/6129
hsa05020	Prion disease	233	0.5139690554776936	2.3621675042571084	1e-10	3.911111111111112e-9	2.8538011695906443e-9	3991	tags=55%, list=25%, signal=41%	84790/1535/1329/4728/509/1340/9377/4715/1349/4709/5690/1337/4701/1351/10376/522/5691/506/7384/10213/4711/7124/55967/4726/4696/4722/774/1347/518/1537/54539/4710/4729/4713/6390/5686/10105/27089/5580/4706/4694/4718/51079/10383/29796/515/11047/5714/5683/514/292/10975/7386/7417/4702/516/4704/4695/5693/4708/5879/90550/7416/6352/10381/54205/5692/4716/517/4712/1460/778/4697/5708/6392/2906/513/6261/5704/1457/5694/5687/5880/5296/4700/7419/653361/4717/147700/714/5701/5685/4698/10382/5688/3312/3553/203068/6391/4725/572/836/10476/5707/713/1536/5702/4731/712/5682/2903/5695/7388/5718/8503/126328/4707/5603/5700/10963/1345/1327/539/2932/5291/581/5710	Up	hsa05020	235	0.3108144742866471	1.5789945423802376	2.0298807318006363e-4	0.00117134101244889	6.830487363263573e-4	4113	tags=40%, list=26%, signal=30%	203068/10376/84790/5690/1535/714/7124/1460/1457/5296/4728/713/11047/5692/7417/5708/5714/4715/712/4718/1536/5683/5704/10963/7979/1340/1537/4710/5688/4701/54539/5686/1388/5691/653361/1329/440567/5687/4713/5580/517/4711/3915/4696/10213/5682/4726/4688/56901/5693/509/522/5685/10383/4725/6352/283106/5880/10105/3312/5879/10381/5700/5701/148327/9167/4731/5695/55967/5566/1965/51079/1347/1337/516/4706/126328/836/27089/581/5710/1345/1351/2906/5534/9377/2932/1349/7386/29796/514/3553/5718
hsa04110	Cell cycle	155	0.4977606547395814	2.1952743562186887	1e-10	3.911111111111112e-9	2.8538011695906443e-9	1722	tags=28%, list=11%, signal=26%	991/9232/151648/7272/9133/1029/113130/995/983/81620/9088/701/9212/891/699/8318/9319/5347/9700/4171/4085/10403/1870/898/57082/8900/157570/4173/990/23594/1871/1869/4998/5111/7529/27127/7534/1111/25906/595/890/51529/9587/7027	Up	hsa04110	155	0.6137102304752173	2.929932529858473	1e-10	5.0285714285714286e-9	2.9323308270676693e-9	1556	tags=37%, list=10%, signal=33%	113130/9319/7272/991/1869/151648/699/995/1029/9133/5347/4171/891/9700/898/701/9212/81620/9088/983/23594/10403/4998/10926/9232/8318/4085/1870/890/990/90381/993/6502/27127/1019/4173/1111/11200/157570/1871/1017/4174/27085/4175/26271/5111/4176/1875/8900/7534/5001/57082/9134/10459/1030/7157/4609
hsa05012	Parkinson disease	232	0.4674031218097728	2.1444760925340947	1e-10	3.911111111111112e-9	2.8538011695906443e-9	3867	tags=51%, list=24%, signal=39%	84790/1329/4728/509/1340/598/9377/4715/1349/4709/5690/1337/4701/1351/10376/522/5691/506/7384/10213/4711/55967/4726/55630/4696/4722/1347/518/1537/54539/4710/201266/4729/4713/6390/5686/10105/27089/2861/4706/4694/4718/51079/10383/29796/515/11047/5714/5683/514/292/10975/7386/7417/4702/516/4704/4695/7295/5693/4708/2778/90550/7416/10381/54205/5692/4716/9246/27173/517/4712/4697/7332/5708/6392/513/5704/2773/5694/7494/5687/4700/7419/4717/147700/5701/5685/4698/10382/5688/203068/6391/4725/29985/836/118424/10476/4891/5707/9817/7311/5702/4731/5682/7317/5695/2771/57181/7388/1813/5718/126328/4707/5700/1345/1327/539	Up	hsa05012	230	0.2629303691873823	1.3333186277765243	0.01142407992010567	0.03268654129145781	0.01906063263108335	4469	tags=42%, list=28%, signal=30%	203068/10376/84790/5690/7311/55630/4728/11047/9246/5692/2771/7417/5708/5714/4715/4718/118424/5683/5704/27173/7979/7157/1340/1537/4710/5688/2773/4701/54539/5686/5691/1329/440567/5687/10131/4713/7317/27429/517/4711/4696/10213/5682/4726/56901/5693/509/522/5685/10383/4725/6233/1616/9817/10105/7295/10381/5700/55669/7332/5701/9167/4731/5695/55967/5566/1965/51079/1347/1337/516/4706/126328/836/27089/598/581/5710/1345/1351/64116/9377/1349/7386/29796/514/5718/57181/513/7388/5684/4709/7326/4694/4695/5702
hsa05016	Huntington disease	267	0.4496389711974067	2.087815286141497	1e-10	3.911111111111112e-9	2.8538011695906443e-9	4003	tags=45%, list=25%, signal=34%	84790/2876/1329/4728/509/1340/9377/841/4715/1349/4709/5690/1337/4701/1351/10376/522/5440/5691/506/7384/10213/4711/55967/4726/4696/4722/774/1347/5441/518/1537/54539/4710/4729/5438/4713/6390/5686/10105/27089/4706/4694/4718/51079/10383/5439/29796/515/11047/5714/5683/514/292/10975/1767/7386/7417/4702/516/4704/4695/5693/4708/1175/7416/2882/10381/54205/5692/4716/517/5436/4712/7019/4697/5708/5978/6392/513/5704/5694/55567/5437/5687/4700/7419/4717/147700/1173/5701/5685/4698/10382/5688/5433/203068/6391/4725/836/10476/5707/5702/4731/5682/5695/7388/5435/5718/126328/4707/5700/1345/1327/539/29982/581/5710/55081	Up	hsa05016	267	0.25378049283506443	1.3133908255266475	0.01145732988800454	0.03268654129145781	0.01906063263108335	3683	tags=33%, list=23%, signal=25%	203068/10376/84790/5690/2876/841/5439/5438/5437/4728/5433/5440/11047/5692/7417/5708/2882/5714/4715/6874/4718/5683/5704/5978/7979/7157/1340/1537/4710/1173/5688/4701/54539/5686/493869/5691/7019/1329/440567/548644/5687/4713/1175/517/4711/5436/4696/5441/10213/1211/5682/4726/56901/5693/509/3066/522/5685/10383/4725/29982/25942/6875/10105/23186/10381/5700/5701/5435/148327/9167/4731/5695/55081/55967/51079/1347/1337/516/4706/126328/836/27089/581/5710/1345/1351
hsa05010	Alzheimer disease	330	0.4211284707194108	1.994825126806697	1e-10	3.911111111111112e-9	2.8538011695906443e-9	3943	tags=42%, list=25%, signal=33%	84790/55851/7476/1020/23401/80326/1329/4728/509/1340/2597/9377/841/4715/1349/4709/5690/1337/10313/4701/1351/10376/522/5691/506/7384/10213/4711/7124/4893/55967/4726/637/55630/4696/4722/1347/518/1537/54539/4710/201266/4729/4713/25825/6390/5686/10105/27089/4706/4694/4718/51079/10383/29796/515/11047/5714/5683/514/292/10975/7386/823/7417/4702/516/4704/4695/8772/5693/4708/90550/7477/7416/10381/54205/5692/4716/27173/517/4712/1460/778/8323/51107/4697/5708/6392/2906/513/5704/1457/5694/7494/5687/5296/4700/7419/4717/147700/5701/5685/4698/10382/5688/3553/203068/6391/4725/5610/572/2535/23385/29985/836/10476/4891/5707/50507/8326/1536/5702/4731/5682/2903/5695/57181/7388/5718/8503/126328/4707/5700/1345/1327/539/2932/29982/5291	Up	hsa05010	331	0.25460350474902227	1.348079936093453	0.00541004692615422	0.01763274553709524	0.01028225292982527	4525	tags=37%, list=29%, signal=27%	203068/10376/2597/84790/5690/841/23401/7476/7124/55851/4893/55630/1460/1457/80326/5296/4728/5610/11211/5970/11047/637/5692/7417/5708/51107/2535/7475/5714/4715/8772/4718/1536/5683/6868/5704/1857/27173/7976/7979/1340/1537/4710/5688/4701/54539/5686/5691/1329/440567/7132/5687/1435/4713/1020/517/4711/823/4696/10213/5682/4726/56901/5693/509/522/5685/10383/4725/27123/283106/29982/10105/7481/23385/10381/5700/5701/9167/4731/5695/55967/348/1965/51079/1347/1337/516/4706/126328/836/27089/5710/1345/1351/64116/2906/5534/9377/4041/8312/207/2932/1349/7386/29796/514/3553/5718/57181/3028/513/3845/7388/488/5684/5605/4709/4694/4695/5702/8323/7855/51806
hsa05014	Amyotrophic lateral sclerosis	317	0.41535814241666685	1.9644912111606507	1e-10	3.911111111111112e-9	2.8538011695906443e-9	4059	tags=44%, list=26%, signal=33%	84790/400916/2876/1329/4728/23225/509/1340/598/9377/4715/5216/1349/4709/5690/1337/4701/1351/2066/10376/522/5691/506/7384/10213/4711/7124/55967/4726/637/4696/4722/1347/518/1537/54539/4710/4729/4713/6390/5686/4218/27089/4706/4694/4718/51079/10383/29796/515/11047/5714/5683/514/10975/1767/55916/7386/116442/4702/516/4704/4695/5693/4708/5879/90550/79023/7416/2882/10381/54205/5692/4716/5606/10718/517/10189/4712/311/4697/29107/5708/6392/2906/10280/513/5704/10452/23636/5694/55567/7494/5608/5687/8480/4700/4717/147700/5701/5685/4698/60/10382/5688/203068/6391/4725/572/5868/836/10476/6396/5707/5217/5702/79139/4731/5682/2903/5695/5861/7388/56893/5718/126328/4707/5603/5700/9631/1345/1327/539/29982/145957/581/5710/9688/347733	Up	hsa05014	319	0.2440287363271414	1.2833767448363935	0.01151457704585445	0.03268654129145781	0.01906063263108335	4125	tags=34%, list=26%, signal=25%	203068/10376/84790/5690/10280/8480/2876/29107/4218/23636/5216/7124/10189/4728/11047/10452/637/5692/129401/5708/9631/2882/5714/4715/4718/5683/5704/79139/55916/23165/79023/7979/7157/1340/1537/4710/5688/4701/54539/5686/493869/5691/1329/440567/7132/57122/5687/56893/4713/517/4711/4696/60/10213/5682/4726/56901/5693/9972/509/522/5685/10383/4725/23225/1616/81929/11273/29982/71/10010/5879/10381/5700/5701/400916/6396/9167/4731/5695/55967/1965/51079/1347/1337/516/4706/126328/836/27089/598/581/5710/1345/1351/2906/5534/9377/79902/1349/127602/5608/7386/29796/514/5718/53371
hsa03050	Proteasome	43	0.6534113960712375	2.317232257906116	4.8056099083183895e-8	1.3513014645185475e-6	9.859974800912849e-7	3991	tags=72%, list=25%, signal=54%	5690/5691/10213/51371/5686/11047/5714/5683/10197/5693/5698/5692/5696/9491/5720/5708/5704/5694/5687/5701/5685/5688/5721/5707/5702/5699/5682/5695/5718/5700/5710	Up	hsa03050	43	0.6240314051444102	2.352598841084256	3.764480255929381e-7	7.794688529924365e-6	4.545347677437952e-6	4469	tags=72%, list=28%, signal=52%	5690/11047/9491/5692/5708/5714/5698/5683/5704/7979/5688/5686/5691/5687/10213/5682/5693/5721/5696/5685/51371/5720/5700/5701/5695/5710/10197/5718/5699/5684/5702
hsa04612	Antigen processing and presentation	58	0.5893804163353082	2.23863929016779	5.0327822943755264e-8	1.3513014645185475e-6	9.859974800912849e-7	4448	tags=67%, list=28%, signal=49%	10437/972/7124/811/3122/8625/6892/3115/3123/3113/10197/3109/1520/3108/1508/3120/5993/3117/3119/5720/920/3118/3111/2923/3312/3106/55080/4261/5721/6890/3135/3127/3107/926/3105/3308/567/925/5641	Up	hsa04612	58	0.5582903460345633	2.260574614323686	3.743209933148874e-7	7.794688529924365e-6	4.545347677437952e-6	4509	tags=66%, list=28%, signal=47%	8625/7124/10437/6892/811/920/972/3120/3115/3326/3122/6890/3117/3113/5721/3123/2923/5993/3119/3108/3312/5720/6891/1508/3106/1520/4261/55080/3111/3118/4802/3107/3112/3109/10197/3127/821/567
hsa05322	Systemic lupus erythematosus	85	0.5375358625308544	2.1751529406400727	5.374494461153314e-8	1.3513014645185475e-6	9.859974800912849e-7	4152	tags=64%, list=26%, signal=47%	8364/8355/3020/3014/7124/6628/3122/8345/85236/8336/8969/126961/333932/8329/8363/3115/717/3123/3113/8970/3109/3108/8365/3120/3117/3119/6632/942/723790/8347/9555/2209/92815/8370/54145/3118/81/941/3111/3013/554313/8357/714/2214/8334/713/712/2903/3127/2212/3012/55506/6634/8351	Up	hsa05322	84	0.6408729603097552	2.7836658227571234	1e-10	5.0285714285714286e-9	2.9323308270676693e-9	2799	tags=62%, list=18%, signal=51%	8364/3014/717/6628/92815/8355/8336/8329/85236/714/7124/8970/8363/8357/713/6632/8969/8345/942/718/723790/712/3020/2209/3586/9555/126961/333932/8365/2212/3012/3013/8338/2214/941/3120/54145/3115/3015/3122/81/8341/8347/3117/3113/3123/87/55506/3119/3108/128312/8351
hsa05130	Pathogenic Escherichia coli infection	176	0.3925771481892388	1.756038817876	2.25072799472841e-5	4.169769758654739e-4	3.042535350214582e-4	3977	tags=39%, list=25%, signal=30%	1365/1366/55971/1364/84790/5777/10686/9074/9080/79784/2597/4645/841/578/10376/10092/10094/9071/7124/10095/9368/382/100506658/10096/653857/7009/10097/10383/8772/81873/10458/5879/375/10109/10093/10381/8797/54205/998/26999/55930/57121/9076/10552/9170/29108/9181/7430/60/10382/3553/203068/5062/836/4615/147179/4690/3606/10061/8743/5861/57180/2212/5603/64005/55845/2149/149461/581	Up	hsa05130	176	0.28661750906193756	1.395392573754453	0.0136586446535686	0.03785703085083582	0.02207572074136658	4135	tags=36%, list=26%, signal=27%	9074/203068/10376/1365/2597/84790/10092/841/4690/7124/6188/10096/10109/5970/4615/9170/8772/9181/375/10095/2212/3654/10552/29108/10094/10061/578/7132/55971/5777/382/10686/60/1366/10383/387/9076/55845/71/5879/64005/10381/998/1364/5062/10163/837/8440/10458/10093/9080/836/581/53842/10006/10972/10097/4542/57121/3553/27128/57180/4691
hsa04061	Viral protein interaction with cytokine and cytokine receptor	69	0.4953951261071518	1.9348200405661744	3.03837398182524e-5	5.092893531440403e-4	3.716106524137136e-4	4128	tags=54%, list=26%, signal=40%	6373/3627/7124/7852/56477/6364/1524/6355/4283/2833/3561/6375/6374/6348/3560/6352/8797/6370/6351/6347/6354/6846/3559/6372/2919/3588/388372/3606/6356/1230/8743/6367/1234/4055/10563/6362/643	Up	hsa04061	70	0.4984288279655905	2.091753745941322	9.399681672327862e-6	9.190799857387243e-5	5.359467620186939e-5	3368	tags=50%, list=21%, signal=40%	3627/6373/7852/7124/6354/1230/4283/643/3586/53833/6364/10563/6351/3588/4055/7132/6348/6375/1435/2833/4049/388372/3559/6362/6352/6370/3560/3570/6355/6846/2919/1234/8740/1436/414062
hsa04081	Hormone signaling	135	-0.34391054469618465	-1.8005705745231182	3.438778725605843e-5	5.502045960969348e-4	4.0146507609943816e-4	3276	tags=36%, list=21%, signal=29%	8471/5618/54331/6751/150/4089/6776/108/2690/6567/2767/111/10411/196883/185/5592/2788/6794/269/115/7200/5295/9843/2786/6753/4157/3667/7067/113/5745/7066/3953/155/2768/7434/4090/2791/109/4093/2784/2796/3717/9630/3643/11069/2100/10681/112/6777	Down	hsa04081	133	-0.4164474013831673	-1.9550436861003149	2.172137216810171e-6	3.192383485311918e-5	1.861587259676507e-5	4214	tags=47%, list=27%, signal=35%	4090/3667/3690/2775/10411/3685/2057/5332/79602/7433/5744/10266/23236/3643/552/1394/2100/6567/5618/554/1813/9843/5592/108/2796/54331/153/2690/5295/6794/4157/183/3953/111/3717/1733/154/115/2791/107/7253/196883/1734/185/2696/6751/2784/7067/2770/2767/6752/10681/2788/4093/5567/112/5745/11069/6777/9630/10268/5443
hsa05169	Epstein-Barr virus infection	185	0.3821228063192126	1.7166893570203396	4.460417535449342e-5	6.826378141209428e-4	4.980969696337023e-4	4504	tags=46%, list=28%, signal=34%	1870/898/6850/8900/841/578/4794/1871/9636/10213/3627/7124/811/637/9641/3122/1869/4067/4939/6892/11047/5714/3115/3123/3113/864/3109/8772/5971/3108/595/4938/5879/890/3120/3117/54205/3119/4940/5606/6772/5708/5704/3118/917/6502/5608/3111/5296/377841/29760/5701/2923/5610/3106/55080/1019/836/6890/4615/915/5707/3135/916/5702/3127/3107/5718/8503/965/5603/5700/3665/3105/5291/581/5710/1380/7187/567/3654/3383/7979/3455/23586/7157	Up	hsa05169	185	0.39016389417911007	1.9119815972113303	6.182285789632967e-7	1.2089803321948913e-5	7.049975023265664e-6	3942	tags=42%, list=25%, signal=32%	1869/898/1870/890/3627/6502/1019/841/1871/1017/9636/7124/5296/8900/4940/5971/5610/864/4939/5970/11047/637/5708/9641/5714/4938/4615/8772/6892/9134/5704/3654/7979/7157/4609/811/578/3455/3120/3115/3122/10213/6890/3383/3117/3113/3123/23586/3066/2923/4791/3665/25942/3119/3108/5879/5700/6891/5701/3106/10379/4794/695/4067/6772/917/836/55080/3111/581/896/3118/5710/3107/3112/3109/207/9612
hsa04940	Type I diabetes mellitus	35	0.5774119045357885	1.9919260914122716	5.610270214559512e-5	8.228396314687284e-4	6.003973387511059e-4	3893	tags=66%, list=25%, signal=50%	7124/3122/3382/3115/3123/3113/3109/3108/3002/3120/3117/3119/942/3118/941/3111/3553/3106/3135/3127/3107/3592/3105	Up	hsa04940	35	0.4386439153225491	1.59068875637052	0.01593196248717607	0.04210728977154162	0.02455419110481643	4398	tags=69%, list=28%, signal=50%	7124/942/941/3120/4049/3115/3122/3117/3113/3123/3002/3119/3108/3592/3329/3106/3111/3118/3107/3112/3109/3553/3127/940
hsa05332	Graft-versus-host disease	29	0.6344165833773479	2.1016646718444534	6.129707543482559e-5	8.630628221223443e-4	6.297467960462082e-4	3893	tags=72%, list=25%, signal=55%	7124/3122/3115/3123/3113/3109/3108/3002/3120/3117/3119/942/3118/941/3111/3553/3106/3135/3127/3107/3105	Up	hsa05332	29	0.6300646325275416	2.183008452907103	2.7511482597782515e-5	2.1520093054265432e-4	1.2549097325304306e-4	4398	tags=72%, list=28%, signal=52%	7124/942/941/3120/3115/3122/3117/3113/3123/3002/3119/3108/3106/3111/3118/3107/3112/3109/3553/3127/940
hsa05330	Allograft rejection	29	0.6241804430782852	2.0677548797516017	9.545970920718209e-5	0.00124451176447881	9.080767659474632e-4	3893	tags=72%, list=25%, signal=55%	7124/3122/3115/3123/3113/3109/3108/3002/3120/3117/3119/942/3118/941/3111/3106/3135/3127/3107/3592/3105	Up	hsa05330	29	0.6447791844010511	2.2339905100839235	1.3137874741632518e-5	1.1561329772636616e-4	6.741804143732476e-5	5192	tags=86%, list=33%, signal=58%	7124/942/3586/941/3120/3115/3122/3117/3113/3123/3002/3119/3108/3592/3106/3111/3118/3107/3112/3109/3127/940/958/3105/355
hsa04672	Intestinal immune network for IgA production	37	0.5796483853045374	2.044156838364615	1.0000555058796532e-4	0.00125721263596299	9.173441482505091e-4	2700	tags=57%, list=17%, signal=47%	3122/7852/56477/3695/23308/3115/3123/3113/3109/3108/3120/3117/3119/6370/942/10673/3118/941/3111/5284/115650	Up	hsa04672	37	0.511603220899097	1.8931691145928105	0.00127233674501231	0.00520770388656203	0.003036789048683	4398	tags=62%, list=28%, signal=45%	7852/10673/942/3586/4055/941/3120/3115/3122/3117/3113/3123/6370/3119/3108/29851/115650/3111/3118/3112/3109/3127/940
hsa04145	Phagosome	135	0.404518092412804	1.7534021180205157	1.1655732058404118e-4	0.00141476471881318	0.00103230440009096	4259	tags=44%, list=27%, signal=32%	525/84790/1535/9296/10376/527/155066/811/533/3122/4973/10383/3115/3123/3113/3109/1520/3108/5879/3120/10381/3117/3119/1311/7879/2209/3118/3111/83547/653361/6441/523/4481/60/10382/203068/2214/3106/5868/8992/6890/3135/11151/1536/3127/3107/2213/23480/2212/3689/3105/3693/9550/537/347733/929/10952/51382/9114	Up	hsa04145	135	0.31258727678943743	1.4544643704901512	0.00748729752336597	0.02291764111499844	0.01336405507603079	3922	tags=41%, list=25%, signal=31%	203068/10376/84790/1535/4481/1311/718/2213/2209/1536/3689/2212/7037/811/2214/653361/7879/4973/3120/3115/3122/11151/60/929/6890/8685/4688/3117/3113/3123/10383/525/71/3119/3108/5879/10381/6891/7059/3106/1520/527/10952/4074/64581/3111/9146/3118/3107/7058/23480/3112/3109/3684/5869/29927
hsa05310	Asthma	19	0.6898106508498595	2.031159350394196	1.3208449098681138e-4	0.00149979809120508	0.00109435028186016	3504	tags=79%, list=22%, signal=62%	7124/3122/2207/3115/3123/3113/3109/3108/3120/3117/3119/3118/3111/6356/3127	Up	hsa05310	19	0.6693805274236462	2.0790289548612177	2.256065712935671e-4	0.00124083614211461	7.235737072737763e-4	4289	tags=84%, list=27%, signal=61%	2207/7124/3586/3120/3115/3122/3117/3113/3123/3119/3108/3111/3118/3112/3109/3127
hsa04927	Cortisol synthesis and secretion	56	-0.4458525453183687	-1.996036126706192	1.5821436186782772e-4	0.0017403579805461	0.00126987843078124	2651	tags=39%, list=17%, signal=33%	2516/775/108/64764/2767/3949/111/196883/185/115/8622/8913/1583/113/949/5151/109/3164/6770/3708/112/8912	Down	hsa04927	55	-0.546199719608913	-2.219300420801321	2.176625103621762e-6	3.192383485311918e-5	1.861587259676507e-5	1747	tags=33%, list=11%, signal=29%	183/775/3164/111/115/107/5151/196883/8911/185/2767/8912/776/5567/112/3708/8622/5443
hsa05150	Staphylococcus aureus infection	58	0.4808634466385132	1.826460084208246	2.1869560208795976e-4	0.00226414270396946	0.00165206584859016	3705	tags=52%, list=23%, signal=40%	3875/25984/3880/3872/629/3122/1672/5724/3115/717/3123/3113/3109/3108/3120/3117/3119/2209/2359/3118/6404/3111/714/2214/713/712/3127/2213/2212/3689	Up	hsa05150	57	0.5182979307932708	2.087443137010986	9.16045390444292e-6	9.190799857387243e-5	5.359467620186939e-5	3871	tags=63%, list=24%, signal=48%	717/629/714/2359/713/718/2213/712/2209/3875/3586/3689/25984/2212/2214/719/3120/3115/3122/3383/3117/3113/3123/5724/3868/3119/3108/6404/2357/3111/3118/3880/3112/3109/3684/3858
hsa04060	Cytokine-cytokine receptor interaction	189	0.35792641276752785	1.6139464553047278	4.878177466185504e-4	0.00464086072458729	0.00338627397368211	5273	tags=47%, list=33%, signal=32%	58191/51330/6373/9966/655/3627/7124/3604/7852/284340/56477/3556/6364/4050/9235/1524/6355/4283/4982/2833/3561/27242/6375/6374/6348/3560/6352/8797/6370/6351/8784/6347/23529/9466/6354/6846/920/50615/10673/51561/3559/3625/115650/7293/132014/6372/3460/3553/10913/8200/2919/3588/388372/3606/6356/1438/91/1230/939/8743/9518/3592/6367/3594/1234/4055/10563/6362/643/3600/3595/3455/3568/5008/943/3976/8808/2657/8794/163702/944/1436/3454/3589/146433/55504/4049/10148/9547	Up	hsa04060	190	0.29777427293780323	1.4646237928287942	0.00462941565362281	0.01597332300560169	0.00931458727898424	3581	tags=35%, list=23%, signal=27%	3556/3627/6373/3604/7852/7124/58191/6354/10673/1230/4283/643/3586/53833/6364/5008/23529/10563/920/6351/3588/4055/7132/6348/6375/3455/1435/2833/4049/388372/3460/3559/6362/51561/6352/6370/84957/4050/3560/3557/3595/3570/3625/6355/6846/284340/9235/8784/3624/50615/3592/2919/7293/655/1234/10220/944/8740/1441/1436/3594/414062/8744/10148/7292/115650
hsa05164	Influenza A	141	0.37805983258982895	1.6443729678892076	5.149187325418032e-4	0.00464747163730037	0.00339109772578137	5381	tags=55%, list=34%, signal=36%	3838/56649/841/578/3627/7124/637/9641/3122/4939/3115/292/3123/3113/55916/3109/8772/3108/4938/2224/51284/3120/7416/6352/3117/8797/54205/3119/4940/4600/6772/6347/29107/3118/3111/8480/5296/29108/3460/60/3553/91543/8766/5610/1019/4261/836/4615/3606/5371/9230/3127/8743/8503/3592/3665/5291/581/7187/3383/3455/23586/4599/5579/7113/896/64135/1965/103/3454/5645/79671/4793/3112/5644/148022/7098	Up	hsa05164	142	0.4076062437683957	1.9142574898665157	2.9160595788101053e-6	3.830359400991595e-5	2.2336126889753625e-5	4427	tags=51%, list=28%, signal=37%	3838/3627/4600/8480/1019/29107/841/7124/5296/4940/5610/4939/5371/5970/2224/637/9641/4938/4615/8772/5645/55916/29108/5644/11100/578/91543/7132/3455/103/3120/3115/4599/3122/60/3460/3383/7514/3117/3113/51284/3123/23586/6352/3665/71/3119/3108/3592/56649/10379/1965/6772/4261/836/3111/10898/581/896/3118/64135/3112/3109/207/9230/3553/3337/7706/3127/5605/4792/23633/8743
hsa03030	DNA replication	35	0.5333286098022334	1.8398497932178637	6.947497947421952e-4	0.00596468116461592	0.00435221951006664	5816	tags=71%, list=37%, signal=45%	4171/4173/10535/2237/5111/5982/6119/6742/5558/54107/5427/5983/5984/1763/5425/5424/4175/23649/246243/4172/4176/5557/4174/56655/5985	Up	hsa03030	35	0.7429334806893805	2.6941578195489475	2.2477865156253718e-10	9.890260668751636e-9	5.767346980880888e-9	1510	tags=60%, list=10%, signal=54%	4171/5984/10535/5982/5558/5427/5983/4173/23649/4174/4175/5111/2237/4176/6742/1763/54107/5424/5985/246243/5425
hsa04072	Phospholipase D signaling pathway	128	-0.31286458214817864	-1.635464612205927	6.781818179358562e-4	0.00596468116461592	0.00435221951006664	2305	tags=27%, list=15%, signal=23%	8526/111/10411/196883/8613/185/5737/115/5295/5338/22808/2846/5894/56895/25759/113/160851/2768/10000/2549/109/100137049/5335/5337/5159/80310/3815/3643/11069/5156/8681/7248/112/8527	Down	hsa04072	129	-0.4091824918352917	-1.9209000514627943	8.295242332272222e-6	8.80940767148973e-5	5.137064880204836e-5	4049	tags=47%, list=26%, signal=35%	10411/2914/9265/5900/5332/2475/5154/23396/5159/5604/23236/1609/3643/5335/1902/5156/552/1759/5894/8526/5781/5594/5578/1956/554/108/22808/5295/5737/183/8527/111/9267/100137049/2185/8613/115/8395/107/10000/26052/56895/196883/8605/185/8681/160851/2549/7248/5336/255189/53358/25759/8611/4254/112/11069/3815/9162/1950
hsa00510	N-Glycan biosynthesis	53	0.4914104138319163	1.8371027757712408	7.609124960170537e-4	0.00626233909093091	0.00456941010223428	3710	tags=47%, list=23%, signal=36%	10195/6184/79644/6480/200185/1603/54344/2530/8704/8813/11282/8818/746/6185/4248/79053/22845/199857/11320/56052/1650/58505/84061/57171/1798	Up	hsa00510	53	0.4496737782385516	1.7687885693115444	0.0012313946889617	0.00516013012517287	0.00300904717227485	2899	tags=40%, list=18%, signal=32%	10195/6184/8813/200185/79644/1650/746/2530/79053/84920/8704/23193/11282/6185/54344/29929/1798/8818/58505/1603/8703
hsa04270	Vascular smooth muscle contraction	111	-0.32275395823284553	-1.63331297446231	7.754285166952872e-4	0.00626233909093091	0.00456941010223428	2651	tags=29%, list=17%, signal=24%	775/108/9475/2767/4659/111/4638/3779/196883/135/185/5592/9138/673/8398/115/5320/1909/5894/800/113/2768/10335/109/4629/100137049/54776/8681/3708/4660/112/5322	Down	hsa04270	111	-0.39556419555740147	-1.806706409968787	8.265498182308083e-5	5.50085705132779e-4	3.2077366178496374e-4	3679	tags=37%, list=23%, signal=29%	9475/72/10266/5604/23236/4638/552/5894/8398/5594/5578/2982/340156/5592/3779/108/10203/183/10335/775/5583/111/100137049/23365/115/107/54776/196883/8605/4629/185/8681/4660/2767/255189/776/5567/135/112/3708/10268
hsa05416	Viral myocarditis	62	0.4578809338936798	1.7578519436096427	8.682317315661555e-4	0.00679150154469526	0.0049555214620384	3893	tags=52%, list=25%, signal=39%	1525/841/637/3122/5881/3115/3123/3113/1605/3109/3108/595/5879/3120/3117/54205/3119/6641/942/3118/941/5880/3111/60/3106/836/3135/3127/6445/3107/3689/3105	Up	hsa05416	62	0.44650161363053975	1.82928829969632	4.4384855912712144e-4	0.00217832058805651	0.00127025273526022	3812	tags=50%, list=24%, signal=38%	841/637/942/3689/1604/1605/941/5881/3120/3115/8082/3122/60/3383/3117/3113/1981/3123/5880/71/3119/3108/5879/1525/3106/836/3111/3118/3107/3112/3109
hsa05340	Primary immunodeficiency	30	0.5652551480477865	1.872898998397169	8.913384879952084e-4	0.00682067712552855	0.00497680986432107	4315	tags=63%, list=27%, signal=46%	8625/84876/3561/7374/5993/100/920/115650/29760/64421/4261/6890/915/916/3932/29851/973/926/925	Up	hsa05340	30	0.4712550182877374	1.6405950062726669	0.01528740745717746	0.04076641988580657	0.02377228432336209	5468	tags=70%, list=34%, signal=46%	8625/64421/100/920/7374/84876/6890/5993/29851/6891/695/4261/115650/3561/916/3718/930/958/915/5994/5788
hsa04913	Ovarian steroidogenesis	36	-0.4757408664699595	-1.902153053434564	0.0012126500387214	0.00908197475808369	0.0066267997636735	2658	tags=42%, list=17%, signal=35%	51478/108/3949/111/196883/115/1583/113/949/109/100137049/3643/6770/8681/112	Down	hsa04913	36	-0.5052140759150179	-1.8312633273431396	0.00124853139437469	0.00517038883317521	0.00301502937341257	3641	tags=44%, list=23%, signal=34%	5743/3643/641371/8644/108/654/111/100137049/115/107/196883/8605/8681/255189/5567/112
hsa04020	Calcium signaling pathway	197	-0.27097343415591807	-1.4673427070646612	0.00169164523881566	0.01215222702169623	0.00886705560195538	2651	tags=28%, list=17%, signal=24%	775/4916/108/9127/6263/4915/2767/6786/4638/5023/5532/196883/5350/135/185/84812/817/5737/845/115/2252/2774/6262/8913/57105/5027/2264/5533/4803/1909/57172/2277/53373/2255/5255/8536/113/57620/155/3270/5137/109/5335/5256/5153/56413/5159/219931/80310/9630/2247/5156/4776/3708/8912	Down	hsa04020	199	-0.4553130403716883	-2.290136617327678	1e-10	5.0285714285714286e-9	2.9323308270676693e-9	4251	tags=49%, list=27%, signal=36%	57172/2252/5579/4233/5731/2264/401152/3707/3357/801/818/5332/5255/3706/5154/1139/5159/7039/23236/7942/5256/5350/5335/56413/4638/5260/57620/5532/2254/5156/552/116444/89832/492/219931/623/4916/100130933/5578/444/1956/4485/2261/80228/6262/8536/340156/108/5153/845/153/53373/5737/775/817/154/3082/2185/115/6543/107/6263/489/5257/2324/196883/8911/3270/291/185/5533/1910/2905/5136/57105/5336/5733/3791/2246/2767/8912/814/5137/816/624/2902/776/2774/5567/2321/135/2247/84812/3708/4915/9630/1950
hsa05160	Hepatitis C	131	0.3709936942960601	1.5998814972190385	0.00206333409722815	0.01424105102400612	0.01039119751751642	4504	tags=42%, list=28%, signal=30%	1365/1366/1364/10686/9074/9080/1870/841/578/1871/9071/3627/7124/4893/637/9641/1869/100506658/4939/7529/10197/27102/8772/7534/595/4938/54205/4940/4600/6772/7531/9076/3434/5296/91543/5610/5521/572/1019/836/5515/8503/3665/7533/2932/5291/10971/149461/581/7187/3455/23586/4599/53842/7157	Up	hsa05160	133	0.3541927880024416	1.6457607400291885	4.455655748297408e-4	0.00217832058805651	0.00127025273526022	2606	tags=28%, list=16%, signal=23%	1869/9074/1870/1365/3627/4600/1019/841/1871/1017/7124/4893/5296/4940/5610/4939/5970/637/7534/9641/4938/8772/3646/7157/4609/578/91543/7132/3455/10971/4599/10686/23586/1366/27102/9076/3665
hsa04925	Aldosterone synthesis and secretion	85	-0.3375372576342287	-1.6461752698011745	0.0022047137107585	0.01473980612705607	0.01075512169557919	2651	tags=31%, list=17%, signal=26%	775/108/64764/477/2767/3949/111/196883/185/817/115/8913/1583/57172/5587/8536/113/949/109/5138/4929/3164/6770/3708/112/8912	Down	hsa04925	85	-0.4830871316921318	-2.142330342391084	7.315670790161853e-7	1.333817086766278e-5	7.777940547829672e-6	2988	tags=38%, list=19%, signal=31%	492/482/4929/5578/3777/8536/108/3762/183/775/3164/111/817/115/107/477/196883/8911/185/5587/2767/8912/814/476/816/776/5567/112/3708/5138/481/5443
hsa04912	GnRH signaling pathway	81	-0.3420842943258501	-1.6392872779351493	0.00233407812434703	0.01521473147722508	0.01110165813529581	3976	tags=40%, list=25%, signal=30%	6654/5599/1958/6714/1956/3725/4313/5578/10746/775/108/2767/111/196883/817/5602/115/5338/5894/4215/113/5598/109/100137049/5337/4216/2796/6300/5600/8681/3708/112	Down	hsa04912	81	-0.4675895662781586	-2.0498532269858893	1.0443581824043942e-5	9.674054742272285e-5	5.641269960356146e-5	4218	tags=48%, list=27%, signal=36%	3725/5579/801/818/5332/1958/5604/23236/5894/5594/4215/6416/5578/1956/5601/108/1839/2796/775/111/100137049/817/2185/4216/115/107/196883/8605/6300/8681/5602/2767/255189/816/776/5567/5600/112/3708
hsa04613	Neutrophil extracellular trap formation	137	0.36328666593346426	1.5792397037254284	0.0024734061046958	0.01582979907005313	0.01155045147456029	3998	tags=39%, list=25%, signal=29%	1535/8364/6850/8355/3020/3014/8345/85236/8336/8969/10105/126961/333932/8329/8363/292/8970/7417/5879/51284/8365/7416/366/723790/8347/9555/2209/9734/92815/8370/2359/54145/6404/5880/5296/7419/3013/653361/554313/8357/60/2214/8334/1536/8503/2212/8520/5603/3689/3012/5582/5291/55506	Up	hsa04613	136	0.4091643746724887	1.9075265865095457	2.8935417442246993e-6	3.830359400991595e-5	2.2336126889753625e-5	3109	tags=41%, list=20%, signal=33%	8364/3014/92815/8355/8336/1535/8329/85236/8970/8363/2359/8357/5296/5970/7417/8969/8345/718/723790/3020/2209/366/1536/3689/9555/126961/333932/8365/2212/3012/3013/27180/8338/2214/653361/54145/3015/60/8341/4688/8347/51284/3066/8520/5880/71/55506/51311/10105/128312/8351/5879/9734/51564/837/8370
hsa04014	Ras signaling pathway	198	-0.26669042980572105	-1.437542927307164	0.00252199184085324	0.0158525201425061	0.01156703024752239	2038	tags=23%, list=13%, signal=20%	7010/5602/3551/2788/11186/8398/2252/5295/5338/22808/2786/5320/2264/4803/10235/10156/2277/4303/2255/5894/25759/5922/25/2114/5921/51378/2791/10000/2549/100137049/5335/2784/5337/5159/80310/8844/3815/2247/3643/5924/5156/10681/8681/253959/5322	Down	hsa04014	198	-0.33528712825453155	-1.6794595919533175	1.3319368999756346e-4	8.22529454020041e-4	4.796448670272369e-4	4294	tags=39%, list=27%, signal=29%	27040/2252/4763/5579/4233/22821/2264/9771/801/5863/5900/5154/5159/7039/5604/57186/3643/5335/3551/2254/5156/5894/10156/4303/5781/9462/5923/8398/5594/5578/5228/1956/5601/2261/1147/5921/2113/22808/54331/5295/56924/10125/5924/284/100137049/3082/2791/10000/2324/10235/8605/5063/283455/8681/2114/2784/8844/2549/5336/5602/3791/2246/25780/255189/53358/253959/25759/2902/10681/2788/5567/2321/4254/2247/3815/4915/7010/1950
hsa04022	cGMP-PKG signaling pathway	145	-0.2841458467262314	-1.4889056928727484	0.00280591035466465	0.01732772710249049	0.0126434372398555	2922	tags=28%, list=18%, signal=23%	150/6093/4205/775/108/64764/9475/477/2767/4659/111/4638/3779/5532/196883/5350/185/5592/3764/2626/8654/115/486/5533/1909/5997/5894/3667/113/4209/4208/155/2768/10335/10000/109/5138/3643/4776/3708/112	Down	hsa04022	145	-0.3699030691490421	-1.7696182662277438	6.666685330906646e-5	4.601320071527725e-4	2.6831860464949353e-4	3679	tags=35%, list=23%, signal=27%	9475/64764/5604/3764/23236/5350/3643/4638/5532/5894/7225/492/482/5594/4208/2982/4205/340156/5592/3779/108/1259/153/5140/10335/775/111/154/115/6543/107/489/10000/477/196883/5997/291/185/5533/1910/2770/2767/8654/476/624/776/112/3708/5138/481/486
hsa05321	Inflammatory bowel disease	50	0.4637470968115902	1.7052829454092264	0.00327229824365678	0.01985946520288256	0.01449075810258177	3809	tags=50%, list=24%, signal=38%	7124/3122/6097/3115/3123/3113/50943/3109/3561/3108/3120/3117/3119/6772/50615/3118/51561/3111/3460/3553/3606/3127/2625/3592/3594	Up	hsa05321	50	0.39978566697122514	1.5578677071676768	0.01413990673573555	0.0382865166998378	0.02232616853010876	4289	tags=54%, list=27%, signal=40%	7124/5970/3586/50943/64127/3120/3115/3122/3460/3117/51561/3113/3123/3595/3119/3108/50615/3592/3594/6772/3111/3118/3112/3109/3553/3561/3127
hsa05166	Human T-cell leukemia virus 1 infection	213	0.3186058714002158	1.4519871541515823	0.00391244819851199	0.02257675026026593	0.01647346609899786	2700	tags=26%, list=17%, signal=22%	991/9232/9133/1029/701/9700/4316/4085/1870/898/598/8900/1871/7124/4893/811/3122/1869/6513/3115/292/3123/3113/5901/7417/3109/3561/5971/1111/3108/25906/7015/595/2224/890/51529/6688/3120/7416/3560/3117/3119/5902/55697/920/3118/917/706/25847/3559/3111/114/5296/7419/115650	Up	hsa05166	213	0.3313131079601842	1.6620512714221507	5.905246679700298e-5	4.217307831333554e-4	2.4592554638458225e-4	3812	tags=36%, list=24%, signal=28%	991/1869/1029/9133/9700/898/701/9232/4085/1870/890/1019/1111/11200/1871/1017/6513/7124/4893/6688/5902/5901/7015/5296/8900/5971/5970/2224/7417/2002/3689/9134/1030/7157/4609/811/920/4055/1388/7132/1031/3120/6929/4049/3115/3122/9184/3559/3383/7514/3117/3113/3123/4791/200186/3560/51529/3119/3108/55697/148327/3106/8697/5566/51434/64682/917/598/115650/3111/581/896/3118/3107/3112/5534/3109
hsa02010	ABC transporters	35	-0.4284094375815016	-1.7179008142304304	0.00420202259213576	0.02385664439406112	0.01740736014399197	1942	tags=31%, list=12%, signal=28%	10057/89845/5243/9429/10058/5826/23461/10351/23460/10350/10349	Down	hsa02010	34	-0.536520085197909	-1.9179378672771783	2.6740225926473124e-4	0.00144808608094131	8.444281871517829e-4	2227	tags=41%, list=14%, signal=35%	10057/24/368/20/5826/23460/10351/5825/10350/10347/9429/10349/23461/5243
hsa04710	Circadian rhythm	32	-0.438179984960297	-1.7248324344151595	0.00431692757750205	0.02411997630604323	0.01759950424244781	1786	tags=28%, list=11%, signal=25%	1454/8945/5565/9572/4783/406/6095/1408/5187	Down	hsa04710	32	-0.48506092190888866	-1.7106964290118645	0.00571758557420825	0.01846412956074591	0.0107670611972053	5124	tags=66%, list=32%, signal=45%	51422/4783/8864/6500/9975/5562/23291/6097/1407/8553/8863/5565/406/8945/6096/5564/9572/5563/6095/5187/1408
hsa04928	Parathyroid hormone synthesis, secretion and action	101	-0.3057329580026279	-1.5228409913992338	0.00470337808473237	0.02586857946602808	0.01887539889267599	2567	tags=30%, list=16%, signal=25%	6257/108/4325/64764/2767/111/196883/9138/65266/673/115/4326/5338/6256/596/5894/65267/113/5745/4209/4208/1026/2768/109/11214/6446/5337/4929/3708/112	Down	hsa04928	102	-0.3836322257069044	-1.7356029409864089	3.641597632075228e-4	0.00191319756192609	0.00111565049215187	4203	tags=41%, list=27%, signal=30%	673/5579/6446/4325/5332/1958/5744/64764/5604/23236/5142/11214/5894/4929/5594/5578/1956/1594/6256/4208/4205/108/1839/27347/1026/111/408/115/107/196883/5144/596/2770/2767/846/2625/65266/5567/112/5745/3708/9365
hsa04724	Glutamatergic synapse	92	-0.31633991913396703	-1.5546859066670138	0.00533404139788398	0.0288858857239256	0.02107702187989787	3230	tags=33%, list=20%, signal=26%	2900/54331/5578/2744/85358/775/108/111/5532/196883/2788/115/5338/2786/5533/113/1742/2791/109/100137049/2784/5337/2892/2752/10681/7220/8681/3708/6512/112	Down	hsa04724	93	-0.48457405217016875	-2.164929813646419	2.6540069466298996e-7	6.672931751526604e-6	3.891213192427297e-6	2949	tags=43%, list=19%, signal=35%	5532/116444/27165/2891/5594/5578/22941/108/54331/23154/9456/775/111/100137049/1742/115/2791/107/7220/57030/196883/8605/2898/8681/5533/2905/2784/2770/255189/6505/85358/2902/776/10681/2788/5567/112/3708/6506/2744
hsa04070	Phosphatidylinositol signaling system	91	-0.3083683028259178	-1.5066003795395435	0.00600672735089386	0.03155773175394983	0.02302657460515478	4701	tags=42%, list=30%, signal=30%	23396/51196/5293/3612/90809/5286/8821/3628/9677/1609/22876/8760/3632/3631/64768/5333/1606/5578/55613/9108/8526/5289/23262/84812/9110/5295/8396/56623/5297/8867/8897/160851/200576/5335/4952/3633/3708/8527	Down	hsa04070	92	-0.4919389710987744	-2.20510909587835	1.731389371346472e-7	4.688069682415062e-6	2.733772691599693e-6	4195	tags=50%, list=26%, signal=37%	5579/3707/23262/3633/801/9110/3632/3612/5332/3706/23396/8871/8396/23236/1609/8821/5335/56623/9108/8526/4952/64768/1040/5578/3613/5289/9107/8897/5286/5295/55529/9677/8527/5297/200576/8395/22908/3628/22876/160851/8760/5336/84812/8867/3708/9162
hsa05203	Viral carcinogenesis	175	0.3333595351831094	1.4916721609344312	0.00597328006950761	0.03155773175394983	0.02302657460515478	4075	tags=36%, list=26%, signal=27%	991/1029/983/8364/898/6850/5315/8900/841/578/5366/4893/4067/8345/85236/3249/8363/7529/8970/7534/1111/595/2960/5879/890/8365/998/5902/8347/7531/9734/8370/55697/2958/54145/81/6502/5296/7419/554313/23513/5610/3106/572/1019/836/28973/1030/3135/3107/8503/5700/3665/7533/1234/4055/3105/5291/10971/8379/581/85477/7187	Up	hsa05203	173	0.3874621703754181	1.8750344312513432	4.127441776933749e-6	4.842865018268932e-5	2.8240391105336184e-5	3706	tags=38%, list=23%, signal=29%	991/1029/898/8364/983/890/6502/1019/1111/841/1017/85236/8970/4893/8363/5902/23513/5296/8900/5610/5970/2960/7534/8345/718/27044/9134/8365/1030/7157/4055/1388/578/10971/54145/81/8341/8347/3066/387/87/4791/3665/2958/128312/5879/9734/2968/5700/55697/998/51564/1234/8370/5315/148327/3106/10379/7529/5566/4067/836/581/896/3107
hsa05140	Leishmaniasis	69	0.40388518584233646	1.5774179245488238	0.00642369248883961	0.03325205523634624	0.02426286327053972	3705	tags=39%, list=23%, signal=30%	5777/1535/7124/3122/3115/3123/3113/3109/3108/3120/3117/3119/6772/2209/3118/3111/653361/3460/3553/2214/4615/1536/3127/2212/5603/3592/3689	Up	hsa05140	69	0.40258887244581	1.67792690507771	0.0028667606949509	0.010367213095511	0.00604547414361437	3835	tags=48%, list=24%, signal=36%	1535/7124/5970/718/65108/4615/2209/2002/3586/1536/3689/2212/3654/2214/653361/5777/3120/3115/3122/3460/4688/3117/3113/3123/3119/3108/3592/6772/3111/3118/3112/3109/3684
hsa04921	Oxytocin signaling pathway	131	-0.27972430706122325	-1.4660281793593717	0.00722722201864735	0.03634260215091241	0.02651792740676623	2651	tags=25%, list=17%, signal=21%	775/10645/108/6263/9475/4659/111/4638/5532/196883/817/115/6262/5565/5533/57172/784/5997/5894/8536/113/4208/1026/5598/109/100137049/54776/4776/8681/3708/4660/112/783	Down	hsa04921	133	-0.3750974478910056	-1.7609232155993793	8.282540446601501e-5	5.50085705132779e-4	3.2077366178496374e-4	4251	tags=44%, list=27%, signal=32%	57172/3725/5579/2775/10645/801/818/5332/3768/9475/5743/5604/23236/4638/5532/5894/781/3759/5594/5578/5565/1956/59283/4208/2982/6262/8536/340156/108/3762/1026/775/111/100137049/817/115/107/6263/5564/54776/196883/8605/5563/5997/8681/5533/4660/2770/255189/814/816/776/785/5567/112/3708/1827/783
hsa04935	Growth hormone synthesis, secretion and action	105	-0.2893459251393539	-1.441980227906476	0.00738083036731491	0.03659228576471621	0.02670011281875226	3422	tags=30%, list=22%, signal=23%	2770/2033/8471/5578/6751/6776/775/108/64764/2690/2767/111/196883/5602/115/5295/6753/8835/5894/25759/3667/113/10000/109/5335/3717/6300/5600/3708/112/6777	Down	hsa04935	104	-0.400278685669139	-1.8218708803193893	2.1000188871677313e-4	0.00119226878755329	6.952524329332896e-4	2769	tags=30%, list=17%, signal=25%	5594/9564/6416/5578/5601/108/2690/5295/775/111/3717/115/107/10000/196883/6300/6751/5336/5602/2770/2767/53358/25759/6752/776/5567/5600/112/8835/3708/6777
hsa05168	Herpes simplex virus 1 infection	161	0.330654842476891	1.4594019807577778	0.00788298161410634	0.03801108942692373	0.02773536429476493	4785	tags=46%, list=30%, signal=32%	5499/6850/598/841/578/25833/972/7124/811/637/9641/3122/4939/6892/6009/3115/5819/3123/3113/27102/1978/3109/8772/3108/4938/3120/6732/6352/3117/54205/3119/4940/64170/10189/6772/6347/5452/3118/3111/5296/2923/3460/3553/5610/3106/572/55080/836/6890/4615/5371/3135/3127/3107/8503/3592/3665/5818/3105/5291/581/7187/567/3654/115004/3455/8892/23586/56829/7157/330/64135/1965/8683	Up	hsa05168	162	0.4255929633066381	2.041755529314029	6.402519668912172e-8	2.048806294051895e-6	1.1947285506582524e-6	3915	tags=48%, list=25%, signal=36%	1978/841/684/6009/5501/7124/10189/5499/5296/4940/5610/4939/5371/5970/637/9641/6732/6427/718/4938/4615/8772/25833/6892/3654/5819/7157/811/972/578/115004/7132/3455/3120/4049/3115/3122/6890/3460/3117/3113/3123/23586/2923/27102/6352/1616/3665/8683/3119/3108/3054/3592/5500/6891/8740/64170/3106/10379/1965/6772/1967/836/598/55080/3111/581/3118/64135/3107/29992/3112/3109/56829/340061/207/329
hsa04713	Circadian entrainment	79	-0.31692335265992266	-1.5225981810683302	0.00847702001355161	0.04032312222662391	0.02942237387349352	3422	tags=35%, list=22%, signal=28%	2770/8863/54331/5578/9252/51655/775/108/6263/111/196883/817/5592/2788/115/6262/8913/2786/113/2791/109/2784/2892/10681/3708/112/8912/5187	Down	hsa04713	79	-0.4804601060261797	-2.09917194885553	4.077111845438211e-6	4.842865018268932e-5	2.8240391105336184e-5	2933	tags=42%, list=19%, signal=34%	2891/5594/5578/2982/6262/5592/108/9252/54331/3762/775/111/817/115/2791/107/6263/196883/8911/2905/2784/2770/8912/816/2902/776/10681/2788/5187/5567/112/51655/3708
hsa04114	Oocyte meiosis	114	0.3585214822284345	1.5230452568097193	0.0089590586267018	0.04149458732367151	0.0302771510376072	2103	tags=21%, list=13%, signal=18%	991/9232/151648/9133/995/983/9088/5499/891/699/5347/9700/4085/898/6195/7529/27127/9985/7534/25906/51529/441272/7531/9978	Up	hsa04114	114	0.35457118303830687	1.6103016843552866	0.00113719186654982	0.00484081547162441	0.00282284395025945	968	tags=18%, list=6%, signal=17%	6790/991/151648/699/995/9133/5347/891/9700/898/9088/983/9232/4085/27127/1017/5501/26271/5499/7534
hsa04623	Cytosolic DNA-sensing pathway	66	0.3969720035852691	1.5427495402108615	0.0106444726572261	0.0474285363967543	0.03460694641389968	3812	tags=38%, list=24%, signal=29%	841/5440/3627/9641/5441/8772/6352/5093/6351/1777/11035/51728/81030/11277/9533/5437/29108/3553/9447/836/388372/3606/10623/5435/3665	Up	hsa04623	66	0.47794135462996784	1.9798714791671552	2.409772867093344e-5	1.972651277248505e-4	1.1503199732758924e-4	2770	tags=42%, list=17%, signal=35%	3627/841/10623/9533/5437/5440/5970/9641/8772/3428/10146/51082/29108/6351/1777/115004/103/25939/5093/81030/388372/5441/11277/23586/6352/3665/51428/85364
