ID	Description	setSize	enrichmentScore	NES	pvalue	p.adjust	qvalue	rank	leading_edge	core_enrichment
WP_CYTOPLASMIC_RIBOSOMAL_PROTEINS	WP_CYTOPLASMIC_RIBOSOMAL_PROTEINS	86	0.7037717313532791	3.0795594347798008	1.097270240069675e-20	7.812564109296085e-18	6.017661000803166e-18	2733	tags=77%, list=17%, signal=64%	6142/6158/6156/6187/6171/6169/7311/6218/6167/6168/6204/6165/6217/6155/6188/6132/11224/6138/6161/6201/6193/6136/6209/6224/6159/6202/6175/6157/6227/6173/4736/6232/6134/6191/6222/6176/6181/6125/6199/6234/6141/6235/6170/6208/3921/25873/6205/6231/6223/6128/6152/6230/6194/6203/6229/9045/2197/6137/23521/6144/6124/6210/6207/6233/6135/6139
WP_RETINOBLASTOMA_GENE_IN_CANCER	WP_RETINOBLASTOMA_GENE_IN_CANCER	87	0.6695352133228989	2.943554549992502	1.0874849562829022e-17	3.871446444367132e-15	2.9819982222283793e-15	3218	tags=63%, list=20%, signal=51%	7272/1869/9133/891/898/81620/983/5984/4998/10733/24137/8318/1870/890/7153/993/6502/6241/5427/7298/1019/5983/4173/1111/8030/5877/1871/1017/4175/5111/580/6839/4176/5985/9134/7157/4609/3925/54443/7027/2189/5928/5557/2956/3015/1719/5947/25942/4172/8317/5591/1786/10592/1633/3148
WP_CELL_CYCLE	WP_CELL_CYCLE	118	0.6019356661403874	2.7635905957240423	5.362885140439963e-17	1.272791406664418e-14	9.803730379541126e-15	1965	tags=41%, list=12%, signal=36%	7272/991/1869/699/995/1029/9133/5347/4171/891/9700/898/9088/983/23594/4998/10926/9232/8318/1870/890/990/993/6502/27127/1019/4173/1111/11200/1871/1017/4174/4175/5111/4176/1875/8900/7534/5001/9134/10459/1030/7157/4609/7027/1031/10971/5885
WP_G1_TO_S_CELL_CYCLE_CONTROL	WP_G1_TO_S_CELL_CYCLE_CONTROL	63	0.6735659239657256	2.772589976470809	1.9144784153836272e-13	3.407771579382857e-11	2.624850669512816e-11	2053	tags=51%, list=13%, signal=44%	1869/1029/4171/891/898/983/23594/4998/8318/1870/993/5558/5427/1019/4173/23649/1871/1017/4174/4175/5111/4176/8900/5001/9134/1030/7157/4609/1388/7027/1031/5557
WP_DNA_REPLICATION	WP_DNA_REPLICATION	41	0.7550196904804476	2.848565473569014	1.3236989147148467e-12	1.8849472545539417e-10	1.45188870435039e-10	1510	tags=61%, list=10%, signal=55%	4171/55388/81620/23594/5984/4998/10926/8318/990/5982/5558/5427/5983/4173/23649/7311/1017/4174/4175/5111/4176/5424/5985/5001/5425
WP_DNA_IRDAMAGE_AND_CELLULAR_RESPONSE_VIA_ATR	WP_DNA_IRDAMAGE_AND_CELLULAR_RESPONSE_VIA_ATR	81	0.5976772792006967	2.615287494178914	4.3086952577080604e-11	5.1129850391468984e-09	3.938298647834912e-9	1813	tags=41%, list=11%, signal=36%	2305/1869/995/5347/4171/9156/5888/983/3014/8318/63967/55215/2177/1111/11200/83990/9401/1017/675/11073/2175/5111/580/2237/5371/55775/10155/4436/7398/7979/7157/142/7520
WP_SENESCENCEASSOCIATED_SECRETORY_PHENOTYPE_SASP	WP_SENESCENCEASSOCIATED_SECRETORY_PHENOTYPE_SASP	83	0.5765017411453037	2.52219429854901	1.4339371383517924e-10	1.4585189178663945e-8	1.1234304497462917e-8	2799	tags=47%, list=18%, signal=39%	11065/1029/8364/3014/27338/890/1051/1019/8355/7311/1017/10919/85236/8970/8363/8357/8900/7324/5970/8345/723790/3020/126961/333932/8365/7321/1030/3012/3013/8338/1031/54145/3015/8341/8347/6233/51529/128312/8351
WP_PROXIMAL_TUBULE_TRANSPORT	WP_PROXIMAL_TUBULE_TRANSPORT	43	-0.6728919671926747	-2.5519628720491943	3.9532956926757845e-9	3.518433166481448e-7	2.7100882314264263e-7	1491	tags=47%, list=9%, signal=42%	762/64849/146802/6560/55244/51382/6519/9429/6505/476/523/6550/57393/760/8671/50617/358/481/5243/486
WP_GASTRIC_CANCER_NETWORK_1	WP_GASTRIC_CANCER_NETWORK_1	28	0.7565029963785361	2.615262353112497	5.256175566413912e-9	4.158218892540784e-7	3.2028859299434483e-7	1168	tags=57%, list=7%, signal=53%	22974/6790/11065/1063/4605/1894/56992/286826/7153/4173/144455/86/9585/8607/8900/3020
WP_PROTEASOME_DEGRADATION	WP_PROTEASOME_DEGRADATION	60	0.5929154938798487	2.4083381605037033	1.134810203169443e-8	8.079848646566435e-7	6.223538061592421e-7	4469	tags=63%, list=28%, signal=46%	3014/5690/6184/7322/5692/5708/5714/5698/5683/5704/7321/5688/5686/5691/5687/6185/7317/3015/5682/5693/5721/5696/5685/5711/5720/5700/5701/3106/5695/7347/5716/5710/3107/10197/5718/5699/5684/5702
WP_COHESIN_COMPLEX_CORNELIA_DE_LANGE_SYNDROME	WP_COHESIN_COMPLEX_CORNELIA_DE_LANGE_SYNDROME	34	0.699721732579724	2.5541569745337083	3.41362424797392e-8	2.146291257127369e-6	1.6531900428198688e-6	391	tags=29%, list=2%, signal=29%	113130/151648/5347/9700/9212/983/9232/151246/27127/157570
WP_FATTY_ACID_AND_LIPOPROTEIN_TRANSPORT_IN_HEPATOCYTES	WP_FATTY_ACID_AND_LIPOPROTEIN_TRANSPORT_IN_HEPATOCYTES	345	-0.3423356432243736	-1.8310577588493966	3.6173448153832055e-8	2.146291257127369e-6	1.6531900428198688e-6	3288	tags=30%, list=21%, signal=25%	2060/9910/1759/1066/1808/7436/26130/1666/1071/25938/27342/432/8301/55937/51449/5167/4597/54497/23301/25977/5191/5289/29881/1601/23237/10455/23307/1374/9107/203228/114879/1962/286133/4047/55788/34/2690/53353/5286/51606/1375/50618/57534/8527/55716/3158/5826/163486/4598/10868/115548/273/3931/3990/374868/35/64284/6345/11001/26052/66036/6457/351/5563/10043/8678/4646/51141/3032/30/11276/161/92737/5825/163/10449/9185/22925/6855/1184/549/23305/4023/55268/5168/11252/57381/3295/54677/4983/6456/287/38/56898/7113/9135/57515/9026/84129/8867/2180/120892/8029/84251/115677
WP_CELL_LINEAGE_MAP_FOR_NEURONAL_DIFFERENTIATION	WP_CELL_LINEAGE_MAP_FOR_NEURONAL_DIFFERENTIATION	92	-0.5093421385805581	-2.257715092169558	7.039012179394688e-8	3.8552128244069365e-6	2.9694942068539537e-6	3394	tags=45%, list=21%, signal=35%	3655/201456/3371/8927/4929/1741/10763/9314/7168/23504/4133/9456/43/28514/2550/1742/2571/23025/3866/57030/6616/6285/161/947/10243/2670/6855/27445/1267/5175/10840/2103/85358/2902/361/6529/4155/6506/2744/1740/8825
WP_BARDETBIEDL_SYNDROME	WP_BARDETBIEDL_SYNDROME	86	-0.5035155504324152	-2.211226965272504	2.1481169198751052e-7	1.0924708906793393e-5	8.414803874097218e-6	3793	tags=45%, list=24%, signal=35%	129880/80173/403/28981/167691/23059/84100/56623/9742/4952/57539/114327/27241/582/406/27130/1259/166379/79809/92482/57560/5727/55212/5314/755/51626/585/49855/201163/11020/5310/57728/79659/2121/27031/80184/583/4750/5311
WP_DNA_IRDOUBLE_STRAND_BREAKS_AND_CELLULAR_RESPONSE_VIA_ATM	WP_DNA_IRDOUBLE_STRAND_BREAKS_AND_CELLULAR_RESPONSE_VIA_ATM	55	0.5850367112740924	2.332883287392878	2.6318413059323573e-7	1.2492473398825589e-5	9.622381195724619e-6	1795	tags=38%, list=11%, signal=34%	1869/995/1029/9156/5888/3014/2177/1111/11200/86/3297/675/5111/637/64421/10155/79035/7157/142/641/578
WP_PHOSPHODIESTERASES_IN_NEURONAL_FUNCTION	WP_PHOSPHODIESTERASES_IN_NEURONAL_FUNCTION	48	-0.5954681406331052	-2.3068441505879402	4.307413219382422e-7	1.804046007176638e-5	1.389574171701698e-5	2684	tags=48%, list=17%, signal=40%	10846/1813/2982/5592/108/5153/5140/111/115/107/5151/196883/5144/2905/5136/8654/5137/2902/27115/135/112/5138/8622
WP_ADHD_AND_AUTISM_ASD_PATHWAYS	WP_ADHD_AND_AUTISM_ASD_PATHWAYS	276	-0.3461009340440938	-1.797777023281835	4.273056050264919e-7	1.804046007176638e-5	1.389574171701698e-5	3978	tags=41%, list=25%, signal=31%	2914/801/6804/4204/22863/6948/54413/2475/8408/5159/4860/80318/79937/102/3643/5335/6327/5577/64802/5156/152330/116444/6649/3741/8564/4524/27165/2891/1272/1491/8604/3176/1644/5578/8644/1956/22941/1741/1813/59283/5289/316/113235/6812/253260/217/55788/5295/115201/6470/9456/8566/6794/1036/2562/5860/775/883/873/55800/6324/5826/2550/4129/2710/6329/1742/2571/154/2166/2185/1268/10000/18/351/5563/4594/8678/6616/4548/185/6857/10243/8470/2905/2563/27244/6855/8506/231/223/23410/7248/5336/10840/6326/5573/6844/6330/2902/2628/5567/80852/135/6328/6529/4128/3815/2744/8029/1740/1645
WP_CILIOPATHIES	WP_CILIOPATHIES	171	-0.40755562446899724	-1.9960135287728478	4.6328217388153546e-7	1.8325383766869626e-5	1.4115205414753215e-5	3793	tags=40%, list=24%, signal=31%	129880/27019/403/4867/28981/54768/25814/167691/23059/200728/84100/89765/56623/8481/122481/9742/339829/261734/347736/4952/55812/57539/388389/114327/65250/27241/582/1768/27130/1259/166379/57545/79809/23247/9786/92482/57560/83538/55212/5314/755/8701/51626/153241/585/123872/201163/63917/2622/83544/11020/27152/5310/57728/79659/124401/2121/7275/27031/202018/80184/54806/91754/146057/583/112/4750/5311
WP_MIRNA_REGULATION_OF_DNA_DAMAGE_RESPONSE	WP_MIRNA_REGULATION_OF_DNA_DAMAGE_RESPONSE	70	0.5189466000373272	2.2009001170543545	5.063876617197225e-7	1.8976211323391704e-5	1.4616508130524957e-5	1556	tags=31%, list=10%, signal=28%	1869/995/9133/891/898/5888/983/3014/993/2177/1019/1111/11200/841/1017/4176/5371/637/9134/7157/166979/4609
WP_DNA_REPAIR_PATHWAYS_FULL_NETWORK	WP_DNA_REPAIR_PATHWAYS_FULL_NETWORK	118	0.43884234253298565	2.0148009813175207	1.0718914599293634e-6	3.815933597348534e-5	2.939239213806307e-5	3214	tags=38%, list=20%, signal=31%	9156/5888/55247/5984/3014/55215/5982/328/5427/2177/5983/1111/2187/83990/675/2175/5886/5111/27301/2237/25788/54107/5424/64421/5985/4436/7398/5425/4913/142/7520/2189/201254/7374/2956/5887/2178/6996/5591/4350/2188/2968/1022/23583/79728
WP_ATM_SIGNALING	WP_ATM_SIGNALING	36	0.6241980025215838	2.275160602512704	2.664238592920404e-6	9.033037515044417e-5	6.957735874243261e-5	938	tags=33%, list=6%, signal=31%	995/891/898/5888/983/3014/993/1111/11200/1017/835/637
WP_GASTRIC_CANCER_NETWORK_2	WP_GASTRIC_CANCER_NETWORK_2	31	0.6633903355797781	2.339981090816017	4.985993499811131e-6	1.5976208610754295e-4	1.230574317889265e-4	2550	tags=52%, list=16%, signal=43%	11065/29089/79075/5984/29028/7153/55215/55299/5983/27101/92140/7157/4609/84823/157769/962
WP_DNA_DAMAGE_RESPONSE	WP_DNA_DAMAGE_RESPONSE	67	0.5122958761474401	2.135701452759551	5.160853905159393e-6	1.5976208610754295e-4	1.230574317889265e-4	1556	tags=30%, list=10%, signal=27%	1869/995/9133/891/898/5888/983/3014/993/2177/1019/1111/11200/841/1017/5371/637/9134/7157/4609
WP_SARSCOV2_INNATE_IMMUNITY_EVASION_AND_CELLSPECIFIC_IMMUNE_RESPONSE	WP_SARSCOV2_INNATE_IMMUNITY_EVASION_AND_CELLSPECIFIC_IMMUNE_RESPONSE	59	0.536849697557302	2.1676088954223727	5.9830400248617845e-6	0.00017039697990806361	1.3124900433486277e-4	2944	tags=42%, list=19%, signal=35%	3627/8480/6373/8519/841/7124/4283/8772/3586/10563/6351/6348/3455/4599/51284/23586/3066/6352/3665/3570/3902/10010/284340/84868/2919
WP_G_PROTEIN_SIGNALING	WP_G_PROTEIN_SIGNALING	85	-0.46907587357168506	-2.0411774159780736	5.973772824352173e-6	0.00017039697990806361	1.3124900433486277e-4	3344	tags=47%, list=21%, signal=37%	5577/5142/11214/9590/9465/5578/11216/9472/108/5153/2781/5583/111/8165/115/2791/107/5151/196883/5144/5587/5533/10142/2784/5136/2770/2767/9495/5573/11215/5137/10681/2774/2788/27115/5567/112/3708/9630/8622
WP_PYRIMIDINE_METABOLISM	WP_PYRIMIDINE_METABOLISM	82	0.47853421170669014	2.0923351705785413	7.015168150991129e-6	1.9210768167329554e-4	1.4797176545208013e-4	4101	tags=55%, list=26%, signal=41%	5558/6241/5427/7298/4830/7371/10623/7372/23649/9533/79077/1841/7083/5439/5438/5437/5433/5440/54107/5424/5425/84172/51082/790/129607/654364/548644/5557/5436/5441/4833/30834/1503/1890/1633/25885/51728/221830/56474/64425/10622/57804/87178/10714/4831
WP_PATHOGENIC_ESCHERICHIA_COLI_INFECTION	WP_PATHOGENIC_ESCHERICHIA_COLI_INFECTION	49	0.5544747831125177	2.1640558499932823	7.429246280166575e-6	1.9591197598068895e-4	1.5090203945289615e-4	3360	tags=49%, list=21%, signal=39%	203068/10376/84790/10092/4690/10109/7534/9181/3875/10095/10552/10094/10971/60/929/7454/10383/387/9076/71/10381/998/8440/10093
WP_NETWORK_MAP_OF_SARSCOV2_SIGNALING	WP_NETWORK_MAP_OF_SARSCOV2_SIGNALING	216	0.3524566081190391	1.777820935888714	8.666784537130036e-6	2.2038394965844947e-4	1.6975168209942666e-4	3050	tags=32%, list=19%, signal=27%	9133/891/332/983/51512/1051/335/84985/3627/286827/10280/1978/54663/6241/629/8519/3429/841/684/10410/6009/7124/58191/3959/2537/4939/341/637/84335/4615/4283/8836/3586/6364/7088/3654/10146/2011/10563/920/6351/3240/2335/6348/5777/6194/708/6731/4599/3122/7226/60/929/3123/23586/6237/6352/10964/4791/71/6355/3312/5879/196/65082/3592/8542/2919/1234/1508
WP_REGULATION_OF_SISTER_CHROMATID_SEPARATION_AT_THE_METAPHASEANAPHASE_TRANSITION	WP_REGULATION_OF_SISTER_CHROMATID_SEPARATION_AT_THE_METAPHASEANAPHASE_TRANSITION	14	0.7787702816136884	2.2190098278710693	1.1582104973144193e-5	2.8216249492225387e-4	2.173368714584481e-4	312	tags=50%, list=2%, signal=49%	991/699/9700/701/9232/4085/1062
WP_TYROBP_CAUSAL_NETWORK_IN_MICROGLIA	WP_TYROBP_CAUSAL_NETWORK_IN_MICROGLIA	58	0.5195489886549229	2.0944341735792036	1.1888869168072493e-5	2.8216249492225387e-4	2.173368714584481e-4	4153	tags=55%, list=26%, signal=41%	7305/2000/2876/714/58191/864/718/6510/3689/5341/29108/920/951/10261/84695/8832/10577/55803/79690/6039/202309/375035/4688/54518/10257/3684/3597/54360/3687/10184/170954/5996
WP_OVERVIEW_OF_PROINFLAMMATORY_AND_PROFIBROTIC_MEDIATORS	WP_OVERVIEW_OF_PROINFLAMMATORY_AND_PROFIBROTIC_MEDIATORS	61	0.5064032438644783	2.0678054146990394	1.4458777078201778e-5	3.3208546063482795e-4	2.5579024983847634e-4	2944	tags=44%, list=19%, signal=36%	3627/4318/6373/7124/58191/6354/10673/4283/3586/6364/5008/10563/6351/6348/6375/1435/4049/6362/51561/6352/6370/3557/6355/6846/284340/3592/2919
WP_SYNAPTIC_VESICLE_PATHWAY	WP_SYNAPTIC_VESICLE_PATHWAY	41	-0.5853828640074533	-2.1917519589960297	1.614312794168442e-5	3.591845967024783e-4	2.7666347557952576e-4	1806	tags=56%, list=11%, signal=50%	1213/1759/5864/6812/4905/6854/6581/23025/26052/477/57030/6616/8218/291/161/6857/163/6855/2054/112755/6844/2055/10497
WP_FANCONI_ANEMIA	WP_FANCONI_ANEMIA	44	0.5618091160813643	2.1254301511601796	1.7996771004654037e-5	3.882939683428386e-4	2.990850938891469e-4	2289	tags=41%, list=14%, signal=35%	4171/29089/7516/5888/55215/64858/2177/2187/29128/83990/675/2175/4221/10459/7398/2189/201254/2178
WP_TRANSLATION_FACTORS	WP_TRANSLATION_FACTORS	49	0.5358346613831633	2.091305446004557	2.4317381190445445e-5	5.09234570811681e-4	3.922401114619838e-4	3852	tags=53%, list=24%, signal=40%	26986/1978/8894/8667/5610/1973/1984/3692/3646/1968/10605/1936/1981/1933/27102/8668/8666/1937/8665/8637/9669/1965/1967/8662/8663/8664
WP_FBXL10_ENHANCEMENT_OF_MAPERK_SIGNALING_IN_DIFFUSE_LARGE_BCELL_LYMPHOMA	WP_FBXL10_ENHANCEMENT_OF_MAPERK_SIGNALING_IN_DIFFUSE_LARGE_BCELL_LYMPHOMA	24	0.6557330652314287	2.177372333404461	3.161734224059683e-5	6.43187076437284e-4	4.954176032285999e-4	2799	tags=54%, list=18%, signal=45%	2146/3014/8355/84759/6045/8357/3020/9555/126961/333932/3015/55506/8351
WP_EFFECT_OF_PROGERIN_ON_GENES_INVOLVED_IN_PROGERIA	WP_EFFECT_OF_PROGERIN_ON_GENES_INVOLVED_IN_PROGERIA	29	0.6248552716220785	2.182021659961938	3.740618548548563e-5	7.398112240462714e-4	5.698427671911701e-4	2999	tags=59%, list=19%, signal=48%	1869/8355/6839/8357/11335/3020/126961/333932/9219/7157/5928/51176/3066/57504/9112/8351/23028
WP_GENES_RELATED_TO_PRIMARY_CILIUM_DEVELOPMENT_BASED_ON_CRISPR	WP_GENES_RELATED_TO_PRIMARY_CILIUM_DEVELOPMENT_BASED_ON_CRISPR	100	-0.4233992204189377	-1.9165594758721187	4.367666160045251e-5	8.404806232303293e-4	6.473838035230656e-4	4113	tags=46%, list=26%, signal=34%	84455/11159/90410/129880/80173/403/79598/79363/28981/64927/23059/22920/200728/84100/23288/56623/8481/9742/57539/85302/23552/65250/27241/80817/582/166379/9371/57545/79809/79770/57534/57560/55212/51175/51626/153241/585/60684/11020/57728/11127/79659/2121/146057/8100/583
WP_BASE_EXCISION_REPAIR	WP_BASE_EXCISION_REPAIR	31	0.6253179135217393	2.2056879862601337	5.3483035104231956e-5	9.390711899193255e-4	7.233236102128453e-4	4381	tags=61%, list=28%, signal=44%	55247/328/5427/5111/27301/2237/54107/5424/5425/4913/142/7374/6996/4350/23583/57804/10714/56655/7515
WP_FATTY_ACID_BETAOXIDATION	WP_FATTY_ACID_BETAOXIDATION	32	-0.6039028927846517	-2.163703612185906	5.016517765960247e-5	9.390711899193255e-4	7.233236102128453e-4	3534	tags=56%, list=22%, signal=44%	2181/1738/1666/788/1374/34/1375/2710/3990/35/3032/1120/23305/4023/37/38/33/2180
WP_PHOSPHOINOSITIDES_METABOLISM	WP_PHOSPHOINOSITIDES_METABOLISM	47	-0.5290492359532383	-2.0389995994435766	5.407572863299486e-5	9.390711899193255e-4	7.233236102128453e-4	3941	tags=51%, list=25%, signal=38%	9110/5332/23396/8396/23236/5335/10903/9108/4952/5289/9107/6305/8897/5286/55529/81846/200576/8395/66036/22908/9651/5336/84812/54893
WP_MIRTARGETED_GENES_IN_LYMPHOCYTES	WP_MIRTARGETED_GENES_IN_LYMPHOCYTES	404	0.28432870490081796	1.5423938454233028	5.3004127853872207e-05	9.390711899193255e-4	7.233236102128453e-4	4293	tags=35%, list=27%, signal=26%	9319/1869/1029/5347/3159/9212/10797/128239/2146/27338/1051/7170/5584/10280/81622/7298/29901/283237/29128/23649/1871/4613/387522/5955/253558/92935/10919/7171/6009/79711/64359/7127/391/7015/10036/29968/4580/83442/83451/2771/1789/5792/27230/9125/5757/10959/378/7398/29957/5425/79760/3417/90522/4853/7837/80155/5725/10061/55660/55722/103/10971/64866/84823/64422/5557/708/5479/54407/3915/91869/5887/81034/2997/6996/9076/5917/134266/54552/138428/2539/8683/5139/10105/51125/58533/10165/302/23471/23186/51497/83871/3918/23589/8487/8161/9260/64841/57410/55621/1371/5315/10541/2820/54901/54964/8974/396/64682/8744/196528/51251/3162/10642/4343/53/5534/8636/9019/10972/84191/90441/57590/372/1788/865/23423/10542/8202/5049/54742/58155/10487/4691/7296/3337/1326/3845/10282/8289/488/56655
WP_THYROID_HORMONES_PRODUCTION_AND_PERIPHERAL_DOWNSTREAM_SIGNALING_EFFECTS	WP_THYROID_HORMONES_PRODUCTION_AND_PERIPHERAL_DOWNSTREAM_SIGNALING_EFFECTS	77	-0.4579708620031316	-1.963959399841253	6.386949025078031e-5	0.0010827399299656092	8.339850731994122e-4	1507	tags=26%, list=10%, signal=24%	1733/842/11343/5468/10000/7253/1734/63976/9728/7248/364/7067/27330/10891/5208/50506/9882/5443/7173/7038
WP_MICROGLIA_PATHOGEN_PHAGOCYTOSIS_PATHWAY	WP_MICROGLIA_PATHOGEN_PHAGOCYTOSIS_PATHWAY	40	0.5623356837812825	2.1041559257020364	7.918699839306708e-5	0.0013026086928977487	0.001003339930514085	2801	tags=55%, list=18%, signal=45%	7305/2207/1535/714/5296/713/54209/54210/712/2209/7409/1536/10095/3689/27036/653361/5881/5777/3055/4688/5880/5879
WP_MAPK_SIGNALING	WP_MAPK_SIGNALING	218	-0.3270876210221074	-1.6492620458180347	8.049829001053502e-5	0.0013026086928977487	0.001003339930514085	3346	tags=31%, list=21%, signal=25%	3551/1850/5532/2254/5894/2317/781/5923/5495/5594/10454/6416/5578/1956/2005/59283/5601/2261/4208/1147/5921/9252/57551/22808/84867/51701/10125/7046/7048/775/5494/9344/3164/5924/100137049/9020/408/51347/4216/10000/10235/8605/23162/1852/4217/6300/8911/2259/5533/1845/5602/2246/25780/255189/8912/4137/776/785/3306/5567/9693/5600/2247/4915/120892/783/1950
WP_DNA_MISMATCH_REPAIR	WP_DNA_MISMATCH_REPAIR	23	0.6487702456341895	2.1231605607421966	1.2210870930861464e-4	0.0019320311339496362	0.0014881552643225316	2082	tags=52%, list=13%, signal=45%	9156/5984/5982/5427/5983/5111/54107/5424/5985/4436/5425/2956
WP_INTEGRATED_CANCER_PATHWAY	WP_INTEGRATED_CANCER_PATHWAY	44	0.5257459035972433	1.9889961970512076	1.4377978082015088e-4	0.002225460955303205	0.0017141708422722796	1697	tags=36%, list=11%, signal=33%	1869/5347/983/993/1019/1111/11200/841/1017/580/466/4436/1030/7157/4609/641
WP_MIRNA_ROLE_IN_IMMUNE_RESPONSE_IN_SEPSIS	WP_MIRNA_ROLE_IN_IMMUNE_RESPONSE_IN_SEPSIS	35	0.5600396574333425	2.0276341959722455	1.6926074589174105e-4	0.0025641202356365875	0.001975024604918188	2837	tags=49%, list=18%, signal=40%	7124/5971/5970/4615/3586/114614/3654/6351/6348/3383/3934/51284/3002/4791/3665/51311/3659
WP_MEASLES_VIRUS_INFECTION	WP_MEASLES_VIRUS_INFECTION	117	0.38566659798931924	1.7711230657844526	1.8667169106833896e-4	0.0027689634175136948	0.002132805944004487	3698	tags=39%, list=23%, signal=30%	898/1019/841/1017/8667/1460/1457/5296/4940/5610/4939/5970/637/10399/9641/4938/2213/4615/8772/9134/3654/7157/578/3455/103/4599/3559/51284/23586/27102/283106/4791/3665/3560/868/3312/3592/10379/1965/6772/917/836/598/581/896/64135
WP_INTEGRATED_BREAST_CANCER_PATHWAY	WP_INTEGRATED_BREAST_CANCER_PATHWAY	149	0.34116974212409557	1.628572916006261	2.0293688957930393e-4	0.002948797252662539	0.002271323726548171	4138	tags=40%, list=26%, signal=30%	6790/1869/5347/5888/8438/10557/993/1019/1111/11200/841/1017/675/6009/580/5296/466/5371/637/9175/5898/27005/8772/4436/1605/7157/4609/641/2931/2896/578/2956/2197/7517/6237/57223/60489/5879/4664/196/140739/998/1022/4091/8846/301/6772/836/581/5245/6597/27145/207/79902/23613/4953/6667/8202/4361/57820
WP_ACUTE_VIRAL_MYOCARDITIS	WP_ACUTE_VIRAL_MYOCARDITIS	78	0.43302938557623216	1.8703889878629956	2.1341693503547365e-4	0.00301565566692977	0.002322821706786532	3923	tags=46%, list=25%, signal=35%	26986/54108/4318/841/835/7852/7124/637/3586/3689/1604/1605/29108/920/142/3856/64127/941/5881/1676/60/839/1981/4791/5880/3108/199/3592/1525/1234/6772/836/598/581/207/2932
WP_CALCIUM_REGULATION_IN_CARDIAC_CELLS	WP_CALCIUM_REGULATION_IN_CARDIAC_CELLS	130	-0.3695928790233624	-1.7469137428241537	2.1600904355817172e-4	0.00301565566692977	0.002322821706786532	2425	tags=32%, list=15%, signal=27%	6262/8536/108/845/54331/153/2781/26575/5569/3762/775/5583/111/408/817/154/115/2791/107/6263/489/8786/196883/5997/5587/2784/2770/2767/2869/814/5573/816/776/10681/2788/5567/8490/112/3708/481/486
WP_RAS_SIGNALING	WP_RAS_SIGNALING	162	-0.3541804478693631	-1.7250275818972671	2.336307836532509e-4	0.0031989445761752815	0.0024640007749664725	4210	tags=40%, list=27%, signal=30%	4763/5579/4233/22821/2264/9771/801/5863/5900/5159/5604/3643/5335/3551/5156/5894/10156/4303/5781/9462/5923/8398/5594/5578/1956/5601/2261/1147/5921/2113/22808/54331/5295/56924/10125/5924/100137049/2791/10000/2324/10235/8605/5063/283455/8681/2114/2784/8844/2549/5336/5602/84630/3791/25780/255189/53358/25759/2902/10681/2788/5567/2321/3815/4915/7010
WP_MAJOR_RECEPTORS_TARGETED_BY_EPINEPHRINE_AND_NOREPINEPHRINE	WP_MAJOR_RECEPTORS_TARGETED_BY_EPINEPHRINE_AND_NOREPINEPHRINE	14	-0.7022303898793412	-1.9763510812933713	2.4483893517211096e-4	0.003289157015897038	0.0025334872934393215	2269	tags=57%, list=14%, signal=49%	108/153/111/154/115/107/196883/112
WP_TYPE_II_INTERFERON_SIGNALING	WP_TYPE_II_INTERFERON_SIGNALING	33	0.5687706116757896	2.0431224065787266	2.784291565539985e-4	0.003671139990119388	0.0028277113170493812	3458	tags=61%, list=22%, signal=47%	3627/9636/6688/2537/5610/4938/4283/5698/1536/2633/5580/6890/3460/3383/3659/8370/3106/10379/6772/4261
WP_MITOCHONDRIAL_FATTY_ACID_OXIDATION_DISORDERS	WP_MITOCHONDRIAL_FATTY_ACID_OXIDATION_DISORDERS	19	-0.661718851643882	-2.053048897621952	3.060754945298735e-4	0.003962286401913998	0.003051968088996442	3773	tags=63%, list=24%, signal=48%	55825/2181/788/1374/1962/34/35/3032/6584/37/33/2180
WP_CYTOSOLIC_DNASENSING_PATHWAY	WP_CYTOSOLIC_DNASENSING_PATHWAY	58	0.4632676027199371	1.867549585960601	3.385630460614672e-4	0.004304587299924369	0.003315626823271136	4638	tags=53%, list=29%, signal=38%	3627/841/10623/9636/9533/5437/5440/5970/9641/8772/51082/29108/6351/115004/103/81030/5441/11277/23586/6352/3665/5435/51728/340061/10622/3553/7706/4792/661/3606/4793
WP_NANOPARTICLE_TRIGGERED_REGULATED_NECROSIS	WP_NANOPARTICLE_TRIGGERED_REGULATED_NECROSIS	12	0.7549070571587694	2.0514665453528735	4.5722305025240893e-4	0.005711277399644126	0.004399135903628903	1832	tags=50%, list=12%, signal=44%	841/7124/8772/2512/142/7132
WP_TUMOR_SUPPRESSOR_ACTIVITY_OF_SMARCB1	WP_TUMOR_SUPPRESSOR_ACTIVITY_OF_SMARCB1	30	0.5504493336266675	1.9421099231453631	5.16846068163151e-4	0.0063447310436579914	0.004887056288802209	4355	tags=57%, list=27%, signal=41%	1029/2146/1019/86/6599/3020/2738/6603/5977/5928/6602/6598/8726/6597/8289/6604/2737
WP_GABA_RECEPTOR_SIGNALING	WP_GABA_RECEPTOR_SIGNALING	21	-0.6272803101848453	-2.016351151724787	5.582865277625554e-4	0.006737288267236262	0.005189425173314744	1793	tags=48%, list=11%, signal=42%	2562/2550/2571/18/161/10243/163/2563/223/6529
WP_DEREGULATION_OF_RAB_AND_RAB_EFFECTOR_GENES_IN_BLADDER_CANCER	WP_DEREGULATION_OF_RAB_AND_RAB_EFFECTOR_GENES_IN_BLADDER_CANCER	15	-0.6876315983218325	-1.9861731822071995	5.69148744734244e-4	0.006753898437513029	0.005202219228184933	4106	tags=73%, list=26%, signal=54%	23086/25924/5874/5873/94120/9501/9648/8567/94122/54843/94121
WP_NF1_COPY_NUMBER_VARIATION_SYNDROME	WP_NF1_COPY_NUMBER_VARIATION_SYNDROME	86	0.39670781527261145	1.7359112918964228	6.535737955938245e-4	0.007505557136496824	0.00578118756374164	3109	tags=36%, list=20%, signal=29%	898/5888/8364/203068/5984/890/5982/1072/8355/5983/5111/8363/8357/3984/5985/9134/126961/333932/8365/7398/55803/382/23586/387/2124/8351/1876/1786/10419/60412/8370
WP_FRAGILE_X_SYNDROME	WP_FRAGILE_X_SYNDROME	112	-0.37480591054569634	-1.719729160771889	6.443578844213234e-4	0.007505557136496824	0.00578118756374164	3252	tags=38%, list=21%, signal=31%	81631/1213/1759/5894/5781/2891/5594/5578/23237/8536/1374/84867/9456/23405/9463/224/1742/2571/1268/6457/18/351/5526/8218/5825/10243/163/2563/1845/2549/7248/9495/814/5573/5909/816/2902/116986/80852/6529/3708/4915/26999
WP_LEUCINE_ISOLEUCINE_AND_VALINE_METABOLISM	WP_LEUCINE_ISOLEUCINE_AND_VALINE_METABOLISM	24	-0.593282796322323	-1.9835950294977238	7.113848861659447e-4	0.008039778396034168	0.0061926737793225935	2626	tags=50%, list=17%, signal=42%	11112/197322/1629/3712/4329/4594/23417/549/27034/5095/38/36
WP_NCRNAS_IN_WNT_SIGNALING_IN_HEPATOCELLULAR_CARCINOMA	WP_NCRNAS_IN_WNT_SIGNALING_IN_HEPATOCELLULAR_CARCINOMA	76	0.4142597988707423	1.7898184360240992	8.174535974348017e-4	0.009094171271462169	0.00700482441222914	4060	tags=41%, list=26%, signal=30%	64321/2146/23401/7476/1460/1457/80326/11211/2535/7475/1857/92140/7976/4609/4919/1994/51176/147111/57291/27123/283106/59343/7481/6259/896/1488/85409/4041/8312/2932/64840
WP_LNCRNA_IN_CANONICAL_WNT_SIGNALING_AND_COLORECTAL_CANCER	WP_LNCRNA_IN_CANONICAL_WNT_SIGNALING_AND_COLORECTAL_CANCER	84	0.3916069106774103	1.7214405665247885	9.168110661098349e-4	0.010042607370310807	0.007735361383695936	4060	tags=38%, list=26%, signal=28%	64321/2146/23401/7476/1460/8607/1457/80326/11211/2535/7475/1857/7976/4609/4919/51176/6929/147111/27123/283106/59343/55506/7481/283120/6259/896/1488/85409/4041/8312/2932/64840
WP_ANDROGEN_RECEPTOR_NETWORK_IN_PROSTATE_CANCER	WP_ANDROGEN_RECEPTOR_NETWORK_IN_PROSTATE_CANCER	102	0.3819491159263248	1.7242965801527035	0.0010196788896583897	0.011000172264193536	0.008472929848676572	1760	tags=25%, list=11%, signal=22%	1869/1029/5347/983/2118/993/1978/1019/1111/11200/841/86/1017/6009/580/11184/466/6599/2002/4436/1030/7157/4609/641/6603
WP_VASOPRESSINREGULATED_WATER_REABSORPTION	WP_VASOPRESSINREGULATED_WATER_REABSORPTION	40	-0.5004852349448974	-1.8781124289886355	0.0011282401108936304	0.01198965610382485	0.009235084018469465	1806	tags=30%, list=11%, signal=27%	4905/115/1780/51626/1783/79659/140735/6844/360/5567/361/112
WP_ALBUTEROL_AND_BUDESONIDE_THERAPY_FOR_ASTHMA	WP_ALBUTEROL_AND_BUDESONIDE_THERAPY_FOR_ASTHMA	23	-0.5854511189953842	-1.9452087928874575	0.0011909891173466124	0.012470356640452766	0.009605345667764477	2269	tags=43%, list=14%, signal=37%	108/111/154/115/107/196883/4634/5573/5567/112
WP_MRNA_PROCESSING	WP_MRNA_PROCESSING	125	0.343396668526869	1.5965282286871474	0.0012169172171431586	0.012557174762404767	0.00967221769842236	3336	tags=35%, list=21%, signal=28%	10262/6628/1477/3182/6626/57819/4904/6635/51692/10978/6629/6636/6632/6633/6732/6427/3191/6434/5496/6637/4841/27316/9410/3276/5725/10921/55660/11218/10946/51690/8175/9128/5094/22803/9343/8683/84844/6627/3183/29894/10907/22916/1478/23450
WP_PRIMARY_OVARIAN_INSUFFICIENCY	WP_PRIMARY_OVARIAN_INSUFFICIENCY	110	0.35960556458326753	1.641825930604836	0.001264244400358011	0.012859171615070053	0.009904832068970283	1986	tags=23%, list=13%, signal=20%	9156/7516/78995/5888/84057/3161/151246/55215/284403/1062/7784/9401/675/7490/2175/92667/10657/56945/4853/641/10456/57122/56652/5373/84515
WP_PROSTAGLANDIN_SIGNALING	WP_PROSTAGLANDIN_SIGNALING	27	0.5754967523162708	1.9760574985659618	0.0013083568570218162	0.013120423692951173	0.010106062602051392	2944	tags=41%, list=19%, signal=33%	3627/4318/7124/4283/29108/6348/1435/3665/196/3592/2919
WP_LUNG_PATHOLOGY_OF_COVID19	WP_LUNG_PATHOLOGY_OF_COVID19	19	0.6309441578780486	1.957523031996746	0.0013541431232767928	0.013352651533168055	0.010284937091632994	4613	tags=63%, list=29%, signal=45%	3627/6373/7124/4283/115004/51284/23586/51311/64135/340061/3553/3606
WP_RETT_SYNDROME	WP_RETT_SYNDROME	44	-0.4876055282107867	-1.8694785109021266	0.0013690218566309944	0.013352651533168055	0.010284937091632994	4203	tags=50%, list=27%, signal=37%	673/23221/2775/4204/3064/6925/27443/4208/9611/6812/10014/222183/6594/23314/6595/2563/6326/6792/9001/85358/23224/3766
WP_MITOCHONDRIAL_COMPLEX_I_ASSEMBLY_MODEL_OXPHOS_SYSTEM	WP_MITOCHONDRIAL_COMPLEX_I_ASSEMBLY_MODEL_OXPHOS_SYSTEM	49	0.4610887944068974	1.799580311482103	0.0015655005915832284	0.01506265434063863	0.011602074085559915	5221	tags=61%, list=33%, signal=41%	51300/4715/137682/4718/4710/4701/54539/4713/4711/4696/4726/4725/29078/4731/55967/51079/4706/28976/54968/25915/4709/4694/4695/4729/4722/51295/55101/55744/55471/25880
WP_CANNABINOID_RECEPTOR_SIGNALING	WP_CANNABINOID_RECEPTOR_SIGNALING	23	-0.5711336975348916	-1.8976379996772301	0.0018082331886514556	0.017166160404264486	0.013222308649647836	1436	tags=52%, list=9%, signal=48%	5577/5594/5601/2166/1268/107/6300/5602/5573/5567/135/5600
WP_CARDIOMYOCYTE_SIGNALING_CONVERGING_ON_TITIN	WP_CARDIOMYOCYTE_SIGNALING_CONVERGING_ON_TITIN	26	-0.5559921377500275	-1.8828058246442982	0.001923864323330508	0.01802357102909634	0.013882732859490233	3622	tags=62%, list=23%, signal=48%	5604/5894/1410/5594/5578/8557/84675/153/2273/26287/154/200539/7273/5573/4077/5567
WP_NSP1_FROM_SARSCOV2_INHIBITS_TRANSLATION_INITIATION_IN_THE_HOST_CELL	WP_NSP1_FROM_SARSCOV2_INHIBITS_TRANSLATION_INITIATION_IN_THE_HOST_CELL	16	0.6410496125604621	1.8950405615805075	0.0020320740067011527	0.018432553688912	0.014197753506687099	3852	tags=69%, list=24%, signal=52%	8894/8667/3646/1968/8668/8666/8665/1965/8662/8663/8664
WP_THYROXINE_THYROID_HORMONE_PRODUCTION	WP_THYROXINE_THYROID_HORMONE_PRODUCTION	23	-0.5645432858166859	-1.8757408225994912	0.0020493240872882746	0.018432553688912	0.014197753506687099	3622	tags=48%, list=23%, signal=37%	5604/5894/5594/5578/53905/7253/5563/1184/50506/7173/7038
WP_SELECTIVE_EXPRESSION_OF_CHEMOKINE_RECEPTORS_DURING_TCELL_POLARIZATION	WP_SELECTIVE_EXPRESSION_OF_CHEMOKINE_RECEPTORS_DURING_TCELL_POLARIZATION	20	0.5910595691809243	1.8702172820899228	0.0020710734481923596	0.018432553688912	0.014197753506687099	3321	tags=55%, list=21%, signal=44%	7852/1230/920/6351/6348/2833/3460/3595/3592/1234/3594
WP_NUCLEAR_RECEPTORS_METAPATHWAY	WP_NUCLEAR_RECEPTORS_METAPATHWAY	245	-0.28409838857959197	-1.459993387059614	0.002068657333394768	0.018432553688912	0.014197753506687099	3774	tags=31%, list=24%, signal=24%	4097/1958/2729/5705/7039/5743/5265/8714/121512/84951/6540/8648/6517/25800/8553/5142/11214/1066/3589/54566/6524/6649/23764/2678/159963/2946/7049/4199/1579/1956/1582/6256/7056/2042/2941/1374/1962/10057/57678/28968/1839/34/6286/2949/7048/873/2040/1831/22949/3082/6594/7266/5465/6397/11057/6526/5997/91252/30/3895/92737/51426/66035/8824/4616/8850/10560/8436/2947/283848/10891/388662/6529/80315/5166/114134/5243
WP_MITOCHONDRIAL_LONG_CHAIN_FATTY_ACID_BETAOXIDATION	WP_MITOCHONDRIAL_LONG_CHAIN_FATTY_ACID_BETAOXIDATION	17	-0.6406969777446297	-1.9128084260905385	0.0021024878006504644	0.018481127334112724	0.014235167565157792	3773	tags=59%, list=24%, signal=45%	55825/2181/788/1374/1962/34/35/37/33/2180
WP_SPLICING_FACTOR_NOVA_REGULATED_SYNAPTIC_PROTEINS	WP_SPLICING_FACTOR_NOVA_REGULATED_SYNAPTIC_PROTEINS	37	-0.4805129486086616	-1.7777362533554277	0.0022062590106225557	0.019156785555649508	0.014755596207116197	3954	tags=43%, list=25%, signal=33%	818/5332/334/2036/23332/5601/23154/2898/10243/2054/288/23136/54386/5909/5596/2902
WP_HIPPOCAMPAL_SYNAPTOGENESIS_AND_NEUROGENESIS	WP_HIPPOCAMPAL_SYNAPTOGENESIS_AND_NEUROGENESIS	23	-0.5602458238991581	-1.8614621570750003	0.002324857359387265	0.01970593380813967	0.015178580003017106	4285	tags=57%, list=27%, signal=41%	6195/9369/10645/801/5594/5578/9252/1734/596/84254/814/816/10891
WP_MYOMETRIAL_RELAXATION_AND_CONTRACTION_PATHWAYS	WP_MYOMETRIAL_RELAXATION_AND_CONTRACTION_PATHWAYS	136	-0.32343259848974637	-1.540381917194868	0.002307950307705359	0.01970593380813967	0.015178580003017106	5078	tags=49%, list=32%, signal=34%	5570/5998/11142/4842/9628/4846/10267/3709/6546/10699/2353/2786/2868/5590/3725/5579/6004/801/818/59350/10266/5335/5577/5142/1902/3489/8787/3487/1394/23764/3488/5578/1264/467/2982/6262/108/54331/26575/5569/5583/111/408/817/115/2791/107/6263/489/8786/196883/5997/5144/5587/2114/2784/5336/2869/5573/816/10681/2788/5567/8490/112/3708/10268
WP_TRIACYLGLYCERIDE_SYNTHESIS	WP_TRIACYLGLYCERIDE_SYNTHESIS	19	-0.6042681077401117	-1.8748022205835388	0.0024174384694795052	0.020173839453352348	0.01553898633234266	2224	tags=42%, list=14%, signal=36%	57678/2819/2710/8613/3990/56895/4023/8611
WP_GABA_METABOLISM_AKA_GHB	WP_GABA_METABOLISM_AKA_GHB	10	-0.7273707747618748	-1.8508087472499448	0.0024367277991408733	0.020173839453352348	0.01553898633234266	2949	tags=70%, list=19%, signal=57%	27165/1800/4129/2571/18/137872/2744
WP_EUKARYOTIC_TRANSCRIPTION_INITIATION	WP_EUKARYOTIC_TRANSCRIPTION_INITIATION	42	0.47485278684639154	1.7912752703584043	0.002736074002285229	0.02239177804169061	0.017247363039208766	5090	tags=60%, list=32%, signal=41%	5439/5438/5437/5440/2960/84172/51082/5436/2958/2968/1022/6877/6883/25885/5435/51728/64425/2967/2961/661/6908/4331/2959/6878/6880
WP_EXTRAFOLLICULAR_AND_FOLLICULAR_B_CELL_ACTIVATION_BY_SARSCOV2	WP_EXTRAFOLLICULAR_AND_FOLLICULAR_B_CELL_ACTIVATION_BY_SARSCOV2	62	0.40319329530993736	1.6529925283513198	0.003291773299991257	0.026633438518111084	0.020514520206883314	2904	tags=31%, list=18%, signal=25%	9168/8519/9636/7852/7124/10673/718/643/3586/3689/10563/941/3455/4240/51284/151888/29851/3312/3592
WP_FIBRIN_COMPLEMENT_RECEPTOR_3_SIGNALING	WP_FIBRIN_COMPLEMENT_RECEPTOR_3_SIGNALING	36	0.48145852727144106	1.7548846176480577	0.0035198981069523368	0.028159184855618694	0.021689732864839356	2643	tags=31%, list=17%, signal=26%	7305/2207/3627/7124/5970/4615/3689/3654/929/387/868
WP_ALLOGRAFT_REJECTION	WP_ALLOGRAFT_REJECTION	73	0.38883738839734494	1.6610521549389305	0.003819968320159054	0.03022019382170274	0.02327723385734348	3812	tags=51%, list=24%, signal=39%	10376/717/6373/841/714/7124/713/942/718/4283/712/643/3586/1604/10563/50943/941/3115/3122/3559/3117/3113/3123/3002/3119/3108/3592/3106/6772/836/3111/3118/3107/1289/1493/3112/3109
WP_NUCLEOTIDE_EXCISION_REPAIR_IN_XERODERMA_PIGMENTOSUM	WP_NUCLEOTIDE_EXCISION_REPAIR_IN_XERODERMA_PIGMENTOSUM	67	0.3972133485263849	1.6559358858846929	0.003912200955655852	0.030609748136560075	0.023577289738539033	2331	tags=28%, list=15%, signal=24%	8364/5984/5982/5427/5983/5886/5111/8363/56852/54107/5424/5985/3020/8365/5425/142/5887/2873/3150
WP_IMMUNE_INFILTRATION_IN_PANCREATIC_CANCER	WP_IMMUNE_INFILTRATION_IN_PANCREATIC_CANCER	24	0.5425550283253238	1.801562816735649	0.004345596435640649	0.033631137632349366	0.02590452795158785	2944	tags=42%, list=19%, signal=34%	4318/7124/3965/3586/6364/3956/51561/6352/3592/2919
WP_GPR143_IN_MELANOCYTES_AND_RETINAL_PIGMENT_EPITHELIUM_CELLS	WP_GPR143_IN_MELANOCYTES_AND_RETINAL_PIGMENT_EPITHELIUM_CELLS	25	-0.5382930052023255	-1.8128336255590733	0.004709076259108328	0.03605228275790462	0.027769425364973847	2269	tags=52%, list=14%, signal=45%	7306/5579/5332/23236/108/4157/408/115/196883/4286/5567/3708/5443
WP_INTRAFLAGELLAR_TRANSPORT_PROTEINS_BINDING_TO_DYNEIN	WP_INTRAFLAGELLAR_TRANSPORT_PROTEINS_BINDING_TO_DYNEIN	26	-0.5278193285847472	-1.787401725212895	0.004859992511811164	0.03642436493062683	0.02805602325377969	3604	tags=54%, list=23%, signal=42%	28981/1778/9742/57539/83657/57560/1780/6990/51626/11020/57728/1783/79659/140735
WP_PLURIPOTENT_STEM_CELL_DIFFERENTIATION_PATHWAY	WP_PLURIPOTENT_STEM_CELL_DIFFERENTIATION_PATHWAY	35	-0.482736107019921	-1.7639881517595777	0.004832221126029386	0.03642436493062683	0.02805602325377969	1417	tags=23%, list=9%, signal=21%	3082/7018/2246/4254/2247/3815/7173/1950
WP_THERMOGENESIS	WP_THERMOGENESIS	98	-0.3443273805646823	-1.5484677086942114	0.005078034811368362	0.03766209151764868	0.02900938746406707	2691	tags=29%, list=17%, signal=24%	5565/353500/5592/1374/108/1375/111/11343/1268/115/107/5468/6196/5564/196883/5563/4217/6300/6595/63976/23305/7248/27330/10891/5567/5600/112/2180
WP_FATTY_ACID_BIOSYNTHESIS	WP_FATTY_ACID_BIOSYNTHESIS	22	-0.5504974180808272	-1.8183127856899493	0.005285871009673192	0.0387993830813125	0.02988539116700742	3773	tags=41%, list=24%, signal=31%	55825/2181/5091/1666/10449/23305/55268/2180/32
WP_MIRNAS_INVOLVED_IN_DNA_DAMAGE_RESPONSE	WP_MIRNAS_INVOLVED_IN_DNA_DAMAGE_RESPONSE	15	0.623537650377131	1.7873221410718205	0.005600256271888362	0.04068757617943382	0.03133977999628181	1556	tags=40%, list=10%, signal=36%	1869/898/3014/993/7157/4609
WP_CONSTITUTIVE_ANDROSTANE_RECEPTOR_PATHWAY	WP_CONSTITUTIVE_ANDROSTANE_RECEPTOR_PATHWAY	18	-0.5611301033372463	-1.7013965353205405	0.006012198716735402	0.04323924733652128	0.033305215645073306	3927	tags=50%, list=25%, signal=38%	6817/8714/8648/1579/6256/1962/7266/10891/5243
WP_FOLATE_METABOLISM	WP_FOLATE_METABOLISM	50	0.4315775417899683	1.6982872993568139	0.006394292154970575	0.04463466680724558	0.03438004347512559	2579	tags=32%, list=16%, signal=27%	10797/80308/6472/335/2876/191/7124/2348/5970/2618/7157/1435/1719/3383/2879/4791
WP_MIRTARGETED_GENES_IN_LEUKOCYTES	WP_MIRTARGETED_GENES_IN_LEUKOCYTES	126	0.31983050072997626	1.4914675303317886	0.006320370530396577	0.04463466680724558	0.03438004347512559	4293	tags=40%, list=27%, signal=29%	3159/10797/1051/7170/10942/81622/7298/29901/7127/391/83442/2771/378/7398/3417/55660/103/10971/64866/84823/5479/91869/2997/138428/2539/10105/51125/58533/302/23471/51497/83871/57410/5315/54964/396/64682/8744/3162/53/10972/57590/372/23423/10487/7296/3337/1326/488/56655
WP_INSULIN_SIGNALING	WP_INSULIN_SIGNALING	156	-0.30208046856296766	-1.4653985182163767	0.006356230892143369	0.04463466680724558	0.03438004347512559	4767	tags=44%, list=30%, signal=31%	115703/9064/3631/6236/4214/2353/5871/2887/5590/6195/6197/4294/3725/5579/3667/6446/6814/9265/8491/4293/1958/2475/5604/5967/3643/6517/3551/50488/23678/5894/5781/5594/4215/5167/6416/5578/11183/5601/5289/6812/9252/5286/5295/5170/5583/9020/5213/4216/6196/5563/4217/6300/6616/11127/2888/10580/2549/7248/27330/5602/252983/53358/6844/5596/25759/57381/10110/5600/9882
WP_PARKINUBIQUITIN_PROTEASOMAL_SYSTEM_PATHWAY	WP_PARKINUBIQUITIN_PROTEASOMAL_SYSTEM_PATHWAY	65	0.39316255461728844	1.6337702498313724	0.006503194150014732	0.04495411878456785	0.034626102730277726	3673	tags=38%, list=23%, signal=30%	898/203068/10376/84790/841/6478/9246/5708/5714/118424/5704/7317/51182/10213/10383/5711/3312/10381/5700/7332/5701/8454/5716/6477/5710
WP_NGLYCAN_BIOSYNTHESIS	WP_NGLYCAN_BIOSYNTHESIS	55	0.4149937000705018	1.65482242158686	0.006605237875546924	0.04522047468643663	0.03483126450566749	2899	tags=36%, list=18%, signal=30%	10195/6184/8813/79644/1650/2530/79053/84920/8704/23193/11282/5373/6185/54344/91869/29929/1798/8818/1603/8703
WP_METABOLIC_REPROGRAMMING_IN_COLON_CANCER	WP_METABOLIC_REPROGRAMMING_IN_COLON_CANCER	40	0.45357500607676	1.6971936235118195	0.0068202563772571554	0.04624783372006757	0.035622592206024845	4288	tags=55%, list=27%, signal=40%	6472/2597/6513/5831/22934/4191/29968/2618/5471/6510/3939/10606/7086/2539/5230/5315/9123/3101/2821/5723/29920/6888
WP_EICOSANOID_METABOLISM_VIA_CYCLOOXYGENASES_COX	WP_EICOSANOID_METABOLISM_VIA_CYCLOOXYGENASES_COX	27	-0.5166280177203759	-1.772474033963735	0.00705937220708477	0.04741766991928638	0.03652366355403342	4559	tags=59%, list=29%, signal=42%	5739/6915/8309/8310/66002/5743/8398/1579/145482/1962/5737/100137049/22949/5468/30/231
WP_CYTOKINECYTOKINE_RECEPTOR_INTERACTION	WP_CYTOKINECYTOKINE_RECEPTOR_INTERACTION	170	0.29760845538802494	1.4480416133444987	0.0073392738315341795	0.04883703708460127	0.03761693719851754	3581	tags=34%, list=23%, signal=27%	3556/3627/6373/3604/7852/7124/58191/6354/10673/1230/4283/643/3586/53833/6364/23529/10563/6351/3588/4055/7132/6348/6375/3455/1435/4049/3460/3559/6362/51561/6352/6370/84957/4050/3560/3557/3595/3570/3625/6355/6846/284340/8784/3624/50615/2919/7293/655/1234/10220/8740/1441/1436/10541/3594/8744/7292/115650
WP_PPAR_SIGNALING	WP_PPAR_SIGNALING	44	-0.4351427382814259	-1.6683362909711943	0.007529731864591944	0.049640454514717255	0.03823577291863941	2752	tags=36%, list=17%, signal=30%	4199/1579/1582/6256/948/1962/5170/3158/2710/5468/5465/30/10580/364/4023/2180
